date_ymd,year,month,DOC_mg.L,chla_ug.L,TP_ug.L,SRP_ug.L,SO4_mg.L,DON_mg.L,NO3_mg.L,NH3_mg.L,SK05JG004_combined_cms,SK05JG006_cms,RC_IC_cms
1990-01-01,1990,1,3.7640000000000002,7.4,42.5,20.25,92.8,0.35400000000000004,0.135,0.015,1.5903225806451613,1.5967741935483872,0
1990-02-01,1990,2,3.73,10.666666666666666,36,5,97.75,0.38,0.042499999999999996,0,0.9405714285714286,0.9364285714285714,0
1990-03-01,1990,3,3.8475,10,26.666666666666668,2.3333333333333335,95.25,0.39666666666666667,0.0025,0,2.6980645161290324,1.492258064516129,0.681258064516129
1990-04-01,1990,4,3.292,4.5,38.666666666666664,12.666666666666666,87,0.3975,0.016,0,4.017666666666667,3.8946666666666667,0.06376666666666667
1990-05-01,1990,5,3.4075,1,47,10,86,0.38,0,0,12.061290322580644,11.806451612903226,0.01132258064516129
1990-06-01,1990,6,3.495,2.25,30.666666666666668,9,82,0.365,0,0,12.463333333333333,12.423333333333334,0.012166666666666666
1990-07-01,1990,7,4.002,22.75,70.2,12.6,77.8,0.648,0,0,10.410967741935483,10.57741935483871,0.0014193548387096775
1990-08-01,1990,8,4.775,18.25,24,0,72,0.5066666666666667,0.3075,0,6.8264516129032256,6.725483870967742,6.451612903225806e-4
1990-09-01,1990,9,4.29,9,62.666666666666664,31.333333333333332,71.25,0.43,0.21000000000000002,0,6.434666666666667,6.254,3.3333333333333335e-5
1990-10-01,1990,10,4.158,2.6,64.75,34,74.8,0.4425,0.2275,0.02,2.580709677419355,2.452903225806452,4.516129032258065e-4
1990-11-01,1990,11,3.9625,3.25,41.5,28.333333333333332,75.75,0.43,0.22,0.12666666666666668,1.3286,1.442,0.003999856666666667
1990-12-01,1990,12,4.2325,1.6666666666666667,28,22,81,0.39666666666666667,0.3175,0.035,1.1906451612903226,1.362258064516129,0
1991-01-01,1991,1,4.612386741259551,0.25,16.5,21.5,87,0.3975,0.4475,0.12,1.097258064516129,1.4129032258064516,0
1991-02-01,1991,2,4.767517921337633,6.075,14,4,83,0.47,0.375,0.03,1.7871428571428571,1.7132142857142858,0.012496693342741061
1991-03-01,1991,3,4.417623927385054,4,24.5,0,84.66666666666667,0.38,0.28,0,2.1229032258064517,2.1354838709677417,0.08509677419354839
1991-04-01,1991,4,4.364530466011612,2.3333333333333335,32,5.333333333333333,72.8,0.378,0.060000000000000005,0.016666666666666666,5.056,5.508666666666667,0.04243333333333334
1991-05-01,1991,5,4.31552111705151,1,17,6,65,0.36,0.095,0.09,8.501870967741935,7.801677419354839,0.08048387096774194
1991-06-01,1991,6,4.00921268605088,3.15,36.333333333333336,22.5,62.7,0.31333333333333335,0.030000000000000002,0.04,10.054333333333334,8.707,0.44393333333333335
1991-07-01,1991,7,5.042493126626341,21.4,97.33333333333333,61,60,0.554,0.004,0.041999999999999996,4.667419354838709,3.8122580645161293,0.7875161290322581
1991-08-01,1991,8,10.48253086119754,113.75,201,69.75,56.75,1.2774999999999999,0.02,0.1125,4.712580645161291,5.5606451612903225,0.006548387096774194
1991-09-01,1991,9,7.917708265618927,34.2,202,98.5,78.6,0.798,0.552,0.12,4.881666666666667,4.7459999999999996,0.002266666666666667
1991-10-01,1991,10,6.23505395132213,30,82.5,12,99.5,0.8925,0.53,0,2.6006774193548385,2.500967741935484,0.0057741935483870965
1991-11-01,1991,11,5.642857651387577,13.25,49,12.5,108.75,0.7175,0.4675,0.0325,1.286,1.432,0.016946703333333334
1991-12-01,1991,12,5.479493154853907,28,84,19.666666666666668,116.75,0.6233333333333333,0.3175,0.06333333333333334,1.1619354838709677,1.46,0
1992-01-01,1992,1,6.23505395132213,2.5,53,33,126.25,0.54,0.6225,0.25,1.3674193548387097,1.6261290322580644,0
1992-02-01,1992,2,5.622437089320869,0,59,49,127.75,0.5266666666666667,0.6475,0.33499999999999996,1.6320689655172413,1.6048275862068966,0.20517241379310344
1992-03-01,1992,3,6.104362354095194,23,51.25,9,121.2,0.668,0.23399999999999999,0.08,3.1717096774193547,1.5803225806451613,0.9507096774193549
1992-04-01,1992,4,5.193605285919986,11.75,46.25,1.25,92.25,0.47250000000000003,0.015,0,2.6686666666666667,2.594,0.11076666666666667
1992-05-01,1992,5,4.580988423918724,6.666666666666667,48.5,7.333333333333333,95,0.4125,0.0325,0,7.390967741935484,7.312258064516129,0.010419354838709677
1992-06-01,1992,6,4.568736086678699,3.8,39,12,96.8,0.402,0.018,0,9.073333333333334,8.993333333333334,0.0033
1992-07-01,1992,7,4.1582827891378535,5,51,17,95.75,0.44666666666666666,0.01,0,7.580967741935484,7.737741935483871,7.741935483870968e-4
1992-08-01,1992,8,4.8137828314792035,11.4,59.75,16.5,84.6,0.5720000000000001,0.012,0,6.47,6.123870967741936,0
1992-09-01,1992,9,5.602016527254159,10.333333333333334,66,22.666666666666668,74.75,0.5566666666666666,0.006666666666666667,0,3.772333333333333,3.447,0.0058000000000000005
1992-10-01,1992,10,5.683698775520995,8.25,57.666666666666664,16,76,0.47000000000000003,0.0033333333333333335,0.03,1.7806451612903227,1.7745161290322582,0.007774193548387097
1992-11-01,1992,11,5.712287562414387,15,70.25,13.5,74.66666666666667,0.52,0.013333333333333334,0.07400000000000001,2.2983333333333333,2.4833333333333334,0.009046703333333333
1992-12-01,1992,12,5.540754841054033,11.666666666666666,50,12.333333333333334,81.75,0.505,0.12,0.06666666666666667,1.3658064516129031,1.6041935483870968,0
1993-01-01,1993,1,5.336549220386947,9,42.666666666666664,21.25,87.5,0.365,0.26,0.0475,1.2316129032258065,1.540967741935484,0
1993-02-01,1993,2,6.092110016855169,10.333333333333334,44.5,30,92.5,0.4425,0.35250000000000004,0.030000000000000002,1.275,1.460357142857143,0.02407279789049027
1993-03-01,1993,3,6.741483890576506,12,49.5,2,89,0.54,0.05666666666666667,0.013333333333333334,1.2603225806451612,1.4832258064516128,0.20706451612903226
1993-04-01,1993,4,6.112530578921877,4.5,41.666666666666664,5,74.33333333333333,0.8033333333333333,0,0.23666666666666666,4.897333333333333,5.014333333333333,0.06373333333333334
1993-05-01,1993,5,5.140511824546542,4,44,7.4,69.2,0.536,0,0.084,9.600193548387097,9.717032258064515,0.00967741935483871
1993-06-01,1993,6,5.084511122362941,25.5,53.75,6,74.5,0.695,0.055,0.0475,10.595333333333333,10.783333333333333,0.0014
1993-07-01,1993,7,4.8,23.25,78.5,8.5,74.25,0.8250000000000001,0.025,0.05,5.01741935483871,4.8670967741935485,0.022870967741935484
1993-08-01,1993,8,5.46,38.6,74.4,8,71,0.926,0.06999999999999999,0.03,3.7558064516129033,3.3429032258064515,0.16893548387096774
1993-09-01,1993,9,4.65,14.5,62.5,10,73.5,0.7125,0.042499999999999996,0.04,2.978,2.7956666666666665,0.05043333333333333
1993-10-01,1993,10,4.6000000000000005,12.5,67.25,13,78,0.6950000000000001,0.02,0.065,2.371290322580645,2.4016129032258067,0.017612903225806453
1993-11-01,1993,11,4.02,11.4,50.25,8.25,86,0.648,0.134,0.028,1.9860666666666666,2.026666666666667,0.0018
1993-12-01,1993,12,4.725,7,30.333333333333332,7.666666666666667,90,0.5166666666666667,0.195,0.12,1.7240967741935485,1.6145806451612903,0
1994-01-01,1994,1,4.3999999999999995,6,37.6,16,94.6,0.476,0.262,0.198,1.3574193548387097,1.47,0
1994-02-01,1994,2,4.925,2.6666666666666665,35.25,22.75,97.5,0.43,0.38749999999999996,0.31,1.3035714285714286,1.5035714285714286,0
1994-03-01,1994,3,5.225,15.5,58.75,9.5,95.25,0.5925,0.4875,0.185,10.164838709677419,0.14406451612903226,3.5799032258064516
1994-04-01,1994,4,6.05,33.333333333333336,73.33333333333333,8,85.33333333333333,0.87,0.02,0.08,2.1284,0.04303333333333333,0.5737
1994-05-01,1994,5,6.1000000000000005,9.4,55,13.2,78.2,0.6880000000000001,0.008,0.116,0.5973548387096774,0.18296774193548387,0.0682258064516129
1994-06-01,1994,6,6.125,13.75,64,9.25,89.5,0.9550000000000001,0,0.12000000000000001,3.3689999999999998,3.312,0.0264
1994-07-01,1994,7,6.225,18.5,81,6.75,96.25,0.9833333333333334,0,0.07,3.035806451612903,3.529677419354839,0.012129032258064516
1994-08-01,1994,8,7.319999999999999,16.28,75.75,8,104.2,0.9640000000000001,0.06,0.10200000000000001,3.814193548387097,4.136451612903226,4.838709677419355e-4
1994-09-01,1994,9,6.8,23,62.5,5.5,115,0.9025,0.06,0.095,3.369666666666667,3.476,5.333333333333334e-4
1994-10-01,1994,10,7.06,24.75,72.4,10.2,117.8,1.05,0.092,0.074,2.2590322580645164,2.2238709677419357,0.006516129032258065
1994-11-01,1994,11,7.025,26,54.5,3.25,122.5,0.9,0,0.12333333333333334,1.3993333333333333,1.5623333333333334,0.004199283333333333
1994-12-01,1994,12,7.975,25,39,4,133,0.85,0.075,0.11,1.243548387096774,1.3758064516129032,0
1995-01-01,1995,1,8.44,8,41,5.666666666666667,143.3,0.8033333333333333,0.15,0.10666666666666667,1.2958064516129033,1.3712903225806452,0
1995-02-01,1995,2,8.525,16.75,37.5,2.25,144.25,0.8075,0.1625,0.01,1.5915,1.6017857142857141,0
1995-03-01,1995,3,8.7,11,47.25,3,132.5,0.8825000000000001,0,0.015,2.1380645161290324,1.8564516129032258,0.037096774193548385
1995-04-01,1995,4,6.55,5,41,3,106.66666666666667,0.69,0,0,3.846,3.766,0.021733333333333334
1995-05-01,1995,5,6.279999999999999,3.2,32.2,4,103.6,0.544,0,0.008,4.249677419354839,5.4641935483870965,0.02738709677419355
1995-06-01,1995,6,6.2250000000000005,7.5,47.75,9.25,99.8,0.5475,0.045,0.0275,7.964,8.543,0.0077666666666666665
1995-07-01,1995,7,5.58,9.6,59,18.8,95.5,0.578,0.0375,0.038,6.065483870967742,6.852903225806451,9.67741935483871e-5
1995-08-01,1995,8,5.925000000000001,20.75,79,8,89.75,0.8766666666666667,0.09,0.045000000000000005,4.441290322580645,4.876774193548387,0.004709677419354839
1995-09-01,1995,9,6,26,62.25,3.5,85.25,0.875,0.015,0,1.8113000000000001,1.9497,0.0022
1995-10-01,1995,10,5.72,12.4,56.4,3.2,87,0.706,0,0.048,1.5306451612903227,1.8138709677419356,0.006
1995-11-01,1995,11,5.625,10.25,44.5,3,93.5,0.66,0.0425,0.035,1.506350275363333,1.6423333333333332,0.008747563333333333
1995-12-01,1995,12,5.825,8.75,34.5,6.25,99,0.57,0.1875,0.07333333333333333,1.3844,1.48,0
1996-01-01,1996,1,5.72,5.25,30,11.5,106.6,0.534,0.416,0.135,1.158916129032258,1.2545161290322582,0
1996-02-01,1996,2,5.775,3.5,37.666666666666664,15.333333333333334,108.75,0.5175000000000001,0.3525,0.19,1.2049207547311458,1.2962068965517242,0.003926373307996851
1996-03-01,1996,3,5.975,20,39.5,9.5,109.75,0.6525,0.48250000000000004,0.1525,3.1440311938028764,1.2758064516129033,2.0708387096774192
1996-04-01,1996,4,6.52,34.6,69.6,12,96.6,0.838,0.17200000000000001,0.12,8.211974656012666,0.20786666666666667,2.9433333333333334
1996-05-01,1996,5,6.625,16.5,77.5,7.75,66.25,0.7749999999999999,0,0.08499999999999999,0.8350316052296775,0.06438709677419355,0.31425806451612903
1996-06-01,1996,6,5.775,21.75,55.75,2.75,68,0.8049999999999999,0,0.0875,6.177388927762666,1.5980666666666667,1.2003333333333333
1996-07-01,1996,7,6.72,32.2,89.4,12.6,76,1.116,0.024,0.068,4.609163582840645,3.579774193548387,0.2577741935483871
1996-08-01,1996,8,8.1,25.75,117.75,35.75,88.25,1.1575,0.0625,0.0825,4.242335759667097,4.2538709677419355,0.004709677419354839
1996-09-01,1996,9,8.6,19.8,122.8,49.4,100.8,1.128,0.1125,0.082,3.43404272121,3.446,0.005566666666666667
1996-10-01,1996,10,8.45,19.666666666666668,127.75,50.25,112.5,0.9725,0.3125,0.07,2.8322275850341936,2.8274193548387094,0.00764516129032258
1996-11-01,1996,11,9.1,10,91.75,35.5,127.75,0.99,0.0375,0.1,1.1433666666666666,1.2896666666666667,0
1996-12-01,1996,12,9.68,5.333333333333333,78.5,46,131.33333333333334,0.8,0.12,0.3125,0.9271741935483871,1.0227741935483872,0
1997-01-01,1997,1,9.825,0.5,87.33333333333333,52,138.75,0.78,0.32,0.3925,0.8316903225806451,0.9272903225806451,0
1997-02-01,1997,2,9.7,0.5,82.75,57.75,143.75,0.8,0.5825,0.385,0.8764357142857143,0.9720357142857143,0
1997-03-01,1997,3,10.08,0.75,80,55.25,144,0.7825,1.31,0.2475,6.563143223225914,1.6648387096774193,3.077
1997-04-01,1997,4,9.825,17.5,102.5,36.625,129.5,0.9125,1.4175,0.1675,15.023224376985999,0.1849,6.314866666666667
1997-05-01,1997,5,9.9,42.5,103,7,100,1.1025,0,0.07,1.551030487500645,1.214451612903226,0.1833225806451613
1997-06-01,1997,6,9.8,26.2,78.8,7.2,110,1.248,0.1225,0.046,4.280998954194667,4.224666666666667,0.027
1997-07-01,1997,7,10.575,52.5,98.25,25.75,121.5,1.445,0.21,0.08,3.940938153327097,3.928709677419355,0.009387096774193549
1997-08-01,1997,8,10.775,75.25,133.25,17,128,2.1075,0.07,0.0575,6.107410586454838,6.192903225806452,0.0017096774193548388
1997-09-01,1997,9,10.64,40,98.33333333333333,15.5,136.8,1.3439999999999999,0.154,0.05,3.1947713193526663,3.2703666666666664,8.333333333333334e-4
1997-10-01,1997,10,9.25,17.25,114,32.25,139.75,1.0325,0.665,0.0325,2.4172034808774194,2.412258064516129,0.007677419354838709
1997-11-01,1997,11,8.8,8.5,83,39.25,142.75,1.44,1.5425,0.06666666666666667,1.8760333333333332,2.022333333333333,0
1997-12-01,1997,12,9.08,36.2,73,8.5,143.5,1.77,0.34500000000000003,0.060000000000000005,1.8792387096774195,1.9748387096774194,0
1998-01-01,1998,1,9.425,15.666666666666666,74.66666666666667,24,164.5,0.9325,0.265,0.20500000000000002,1.8502064516129033,1.9458064516129032,0
1998-02-01,1998,2,9.1,7,59,32,169.25,1.3825,0.355,0.275,1.767257142857143,1.862857142857143,0
1998-03-01,1998,3,9.1,31.2,63.25,7.75,165.2,1.268,0.056,0.10400000000000001,2.3496486521999027,1.8358064516129033,0.47383870967741937
1998-04-01,1998,4,8.775,22.333333333333332,100,19,131.33333333333334,1.2000000000000002,0,0.1,4.7792204857866665,4.499666666666666,0.16083333333333333
1998-05-01,1998,5,8.174999999999999,10.5,68,21.75,118,0.8566666666666667,0,0.0925,8.380352070051613,8.28,0.030064516129032257
1998-06-01,1998,6,7.4799999999999995,8.8,65.5,27.5,111.25,1.0350000000000001,0,0.030000000000000002,8.263957754280666,8.149666666666667,0.07763333333333333
1998-07-01,1998,7,7.65,55.25,108.25,7.75,98,1.8675,0.085,0.1375,4.5318005975535485,4.441612903225806,0.13003225806451613
1998-08-01,1998,8,9.08,74,117.6,14.8,97.2,1.5879999999999999,0,0.158,4.832079916536129,4.877419354838709,0.002161290322580645
1998-09-01,1998,9,9.8,45.25,187,72,98.25,1.6766666666666667,0.1875,0.27,4.8568371749959995,4.954,0.0013333333333333333
1998-10-01,1998,10,10.3,29,150.66666666666666,59.5,98,1.16,0.755,0.35333333333333333,2.0049521462129034,1.8485483870967743,0.043225806451612905
1998-11-01,1998,11,8.36,34.75,84,18.25,99.5,1.2349999999999999,0.69,0.07,1.3847,1.5310000000000001,0
1998-12-01,1998,12,8.15,8,54,23,105.5,1.2866666666666666,0.645,0.08333333333333333,1.4169806451612903,1.5125806451612904,0
1999-01-01,1999,1,8.475,8.5,47.333333333333336,15.333333333333334,114.5,0.73,0.6125,0.05,1.3269806451612904,1.4225806451612903,0
1999-02-01,1999,2,8.75,4.5,43.5,22.5,119,0.7,0.58,0.08,1.3144,1.41,0
1999-03-01,1999,3,7.92,11,49.5,23.75,120,0.685,0.625,0.14,4.298277117116075,1.3391935483870967,4.841129032258064
1999-04-01,1999,4,7.9,27.666666666666668,90,14.333333333333334,96.5,0.7933333333333333,0.16,0,0.9712168225286666,0.05666666666666667,0.7789666666666667
1999-05-01,1999,5,7.6,22,86,11.4,81.6,0.758,0,0.026000000000000002,0.7756462217645161,0.13983870967741935,0.23293548387096774
1999-06-01,1999,6,8.55,43,116.25,23,85,1.3325,0.025,0.165,1.277809745534,1.1736,0.0956
1999-07-01,1999,7,11,59,172.5,44.75,89.75,1.625,0.04,0.13,3.8071865013793547,3.4970967741935484,0.08138709677419355
1999-08-01,1999,8,12.28,85,232,58.6,104.2,2.06,0.052000000000000005,0.44799999999999995,4.092393116376129,4.034516129032258,0.022258064516129033
1999-09-01,1999,9,11.85,67.75,155,22,122,1.54,0,0,4.032397784654666,4.051666666666667,0.06179527
1999-10-01,1999,10,12,23.25,93.25,14.75,126.5,1.1925,0.05,0.0925,3.5470046186645163,3.539032258064516,0.13104458064516128
1999-11-01,1999,11,11.799999999999999,24,62.666666666666664,6,130,1.0133333333333334,0.0375,0.14333333333333334,1.827640270744,1.968,0.004647993333333334
1999-12-01,1999,12,12.3,22.666666666666668,45,7,135.5,0.99,0,0.06,1.5250451612903226,1.6206451612903225,0
2000-01-01,2000,1,12.379999999999999,10.4,47.6,7.6,148.6,0.93,0.068,0.154,1.4437548387096775,1.5393548387096774,0
2000-02-01,2000,2,12.225,13,48,9.666666666666666,153.75,0.9366666666666666,0.28500000000000003,0.20666666666666667,1.29749364558306,1.3875862068965517,0.004220151863708213
2000-03-01,2000,3,11.9,26,64.33333333333333,6.333333333333333,148.25,1.1533333333333333,0.0425,0.05666666666666667,1.760994587271009,1.5970967741935485,0.07493548387096774
2000-04-01,2000,4,9.4,14.333333333333334,69.66666666666667,5.333333333333333,118,0.9233333333333333,0,0.05666666666666667,9.385223876210667,9.084666666666667,0.07733333333333334
2000-05-01,2000,5,8.4,24.2,105.8,15.8,116.8,0.948,0,0.05,10.056212404190322,9.986774193548387,0.023161290322580644
2000-06-01,2000,6,7.5,32.25,113.75,9.75,104,1.23,0,0.0825,9.291602601122667,9.215666666666667,0.024333333333333332
2000-07-01,2000,7,8.9,49.8,114.2,16.8,93.68,1.306,0.078,0.14200000000000002,5.131328047384516,3.876032258064516,0.3085806451612903
2000-08-01,2000,8,8.7,57.75,145,19.75,99.5,1.4475,0,0.07250000000000001,5.4181897526387095,5.426451612903226,0.004580645161290323
2000-09-01,2000,9,8.075,26.666666666666668,129.66666666666666,20,107,1.03,0,0.030000000000000002,3.4102198030926667,3.3946666666666667,0.010166666666666668
2000-10-01,2000,10,8.14,15.8,79.25,12,116.6,0.8166666666666667,0,0.043333333333333335,1.6383615184264515,1.5719354838709676,0.1515501451612903
2000-11-01,2000,11,7.8,16,69.5,23,125.5,0.6233333333333333,0.085,0.015,1.2629646831713333,1.3853333333333333,0.016087816666666664
2000-12-01,2000,12,8.05,16,59,12.333333333333334,135.66666666666666,0.57,0.02,0.013333333333333334,1.4127870967741936,1.5083870967741937,0
2001-01-01,2001,1,8.3,7,47.333333333333336,18,150.66666666666666,0.545,0.05500000000000001,0.06,1.426658064516129,1.522258064516129,0
2001-02-01,2001,2,8.025,6,46,23,154,0.55,0.135,0.08,1.3597571428571429,1.4553571428571428,0
2001-03-01,2001,3,7.725,13.666666666666666,39.666666666666664,9,156.5,0.48666666666666664,0.2125,0.013333333333333334,2.2622251029460996,1.4187096774193548,0.4470967741935484
2001-04-01,2001,4,7.5,24.75,64.25,7.75,148.75,0.7275,0.006,0.0225,1.835956666012,1.4809999999999999,0.1853
2001-05-01,2001,5,6.775,12.75,99.25,8.25,116.25,0.6425,0,0.055,5.920767314682581,5.900967741935484,0.011161290322580645
2001-06-01,2001,6,7.3999999999999995,34.5,98.75,5.25,124,0.905,0,0.0625,10.678808573712667,10.666666666666666,0.009366666666666667
2001-07-01,2001,7,7.56,40.6,106.8,5.2,119,1.02,0.0175,0.066,10.75675786759871,10.780645161290323,0.002709677419354839
2001-08-01,2001,8,7.35,43,108,5.75,110.4,1.0025,0.0075,0.0525,7.1591614305819355,7.287419354838709,6.451612903225806e-4
2001-09-01,2001,9,7.85,46.5,110,10.25,109,1.2875,0,0.07500000000000001,4.0417,4.188,0
2001-10-01,2001,10,7.319999999999999,28.4,100.8,13,107.25,1.1600000000000001,0,0.08,2.833576521683226,2.8767741935483873,0.10068980322580645
2001-11-01,2001,11,6.525,9.25,58.5,13.75,106.2,0.5775,0,0.075,2.6400333333333332,2.7863333333333333,0
2001-12-01,2001,12,6.5,12.3,55.333333333333336,13.333333333333334,114.66666666666667,0.6266666666666667,0,0.04666666666666667,2.477625806451613,2.573225806451613,0
2002-01-01,2002,1,7.075,8.5,37,9.75,125.5,0.5625,0.01,0.0625,2.3592387096774194,2.4548387096774196,0
2002-02-01,2002,2,7.225,7.333333333333333,38,6.5,129.33333333333334,0.5333333333333333,0,0.07666666666666666,1.7165428571428571,1.812142857142857,0
2002-03-01,2002,3,6.8,7.79,37,6,124.5,0.64,0,0.0771,1.6686288061131196,1.7280645161290322,0.004354838709677419
2002-04-01,2002,4,6.44,8.25,52,4.75,112,0.655,0,0.0775,6.094415874521999,5.923,0.046766666666666665
2002-05-01,2002,5,5.5,11.5,64.75,5.5,96.65,0.5625,0,0.075,10.175089348786452,10.153225806451612,0.011645161290322581
2002-06-01,2002,6,5.7,34.5,63.75,7.25,93.75,0.7625,0,0.10750000000000001,11.426999653520667,11.346666666666668,0.025366666666666666
2002-07-01,2002,7,5.96,30.2,96,11.2,89.4,0.934,0,0.104,10.765431341173548,10.827741935483871,8.709677419354839e-4
2002-08-01,2002,8,5.225,48.5,112.25,17,90.5,1.2275,0,0.1225,3.1350132157696775,2.783225806451613,0.09377419354838709
2002-09-01,2002,9,5.38,39,90,11.82772,87.8,1.188,0.0025,0.088,2.1327845075906664,2.0636666666666668,0.022733333333333335
2002-10-01,2002,10,5.4,31,101.33333333333333,7.9,90.75,0.9266666666666666,0,0.06666666666666667,2.4237880238296774,2.3729032258064517,0.1378292935483871
2002-11-01,2002,11,5.35,20.25,58.75,6.75,97.5,0.6875,0,0.1175,1.8079333333333334,1.9542333333333333,0
2002-12-01,2002,12,5.58,13.333333333333334,57.666666666666664,3,99.33333333333333,0.7066666666666667,0,0.06666666666666667,1.832141935483871,1.927741935483871,0
2003-01-01,2003,1,5.6,20,62,11,106.66666666666667,0.5925,0.01,0.03335,1.6260129032258066,1.7216129032258065,0
2003-02-01,2003,2,5.800000000000001,20,60.666666666666664,12.666666666666666,115.5,0.565,0.034999999999999996,0.03335,1.6686857142857143,1.7642857142857142,0
2003-03-01,2003,3,5.82,26.666666666666668,55.5,5,119,0.64,0.0075,0,2.316446457570428,1.1611935483870968,1.3288064516129032
2003-04-01,2003,4,5.4625,14.566666666666666,47.5,7.5,107.5,0.53,0,0,1.996110387804,0.0565,0.7773666666666667
2003-05-01,2003,5,5.8,22.033333333333335,66.16,5.230566666666667,96,0.595,0,0.035,3.0869686734019357,2.9502258064516127,0.06348387096774194
2003-06-01,2003,6,6.5,41,98,9,99,1.52,0,0.05500000000000001,8.925776187000666,8.934666666666667,0.004433333333333333
2003-07-01,2003,7,7.2,75,80,5,109.4712,1.91,0,0,8.852755893810969,8.914516129032258,0.001
2003-08-01,2003,8,7.362500000000001,85.5,212,53,110.1,1.75,0,0.07,8.305635483870967,8.451935483870967,0
2003-09-01,2003,9,8.02,40,99,93,102,0.98,0.08,0.41,5.385412464672,5.473,8e-4
2003-10-01,2003,10,6.9875,16.9,64,10,102.1,0.75,0,0.1,3.11932148050129,3.1425806451612903,0.12009219677419354
2003-11-01,2003,11,5.9,2,43,10,108.4,0.66,0.005,0.060000000000000005,1.8184020853893332,1.9483333333333335,0.015999426666666667
2003-12-01,2003,12,6.18,6.2,68.5,7.91,120,0.625,0.01,0.060000000000000005,1.667625806451613,1.7632258064516129,0
2004-01-01,2004,1,6.1,12.7,68.5,7.91,121.9,0.5925,0,0.060000000000000005,1.780851612903226,1.8764516129032258,0
2004-02-01,2004,2,6.15,19.8,68.5,7.91,131.56,0.565,0.01,0.060000000000000005,2.446468965517241,2.5420689655172413,0
2004-03-01,2004,3,5.8,7,68.5,7.91,133.5,0.64,0.01,0.060000000000000005,2.945361617993347,2.8529032258064517,0.10841935483870968
2004-04-01,2004,4,4.67,2,68.5,7.91,124.8,0.53,0,0.02,8.794850761058667,8.503666666666666,0.4336333333333333
2004-05-01,2004,5,4.418,10.7,68.5,7.91,87.9,0.49,0,0,9.717764692011613,9.661935483870968,0.021193548387096774
2004-06-01,2004,6,4.7299999999999995,12.7,68.5,7.91,87.3,0.01,0,0,4.611270310624,4.436,0.06283333333333334
2004-07-01,2004,7,5.6725,20,68.5,7.91,86.7,0.88,0,0,5.4665401777064515,5.458709677419355,0.008419354838709677
2004-08-01,2004,8,7.894,111.9,94.29,5.816,86.1,1.79,0,0.11,5.630964676609032,5.661612903225807,0.004709677419354839
2004-09-01,2004,9,6.9525,8,93.44,50.52,85.9,0.82,0.08,0.42,3.711149248855333,3.7183333333333333,0.12572921666666667
2004-10-01,2004,10,6.41,10.7,85,37,86.7,0.8,0.09,0.15,5.2277587136419355,5.187741935483871,0.14228645483870966
2004-11-01,2004,11,5.776,5.2,46.4,21.6,91.2,0.66,0.0917,0.078,1.9232328844146667,2.038666666666667,0.021084806666666664
2004-12-01,2004,12,5.88,6,45,16,96.4431,0.52,0.1,0.09,1.8063354838709678,1.9019354838709677,0
2005-01-01,2005,1,6.08,5,52,7,106.1,0.43,0.08,0.2,1.7040774193548387,1.7996774193548388,0
2005-02-01,2005,2,6.00625,3.3,36.1,10.8,109.6,0.56,0.11,0.25,1.9354509252710672,2.0189285714285714,0.009940314484605871
2005-03-01,2005,3,5.995,5.2,36,14,111.2,0.52,0.11,0.23,3.4111043873278684,1.8807096774193548,1.0636129032258064
2005-04-01,2005,4,5.2575,15.4,28,4,107.4,0.72,0,0,1.7402126577466666,0.8813666666666666,0.9710333333333333
2005-05-01,2005,5,5.43,4.8,42.7,11.8,88.45,0.5221,0,0,3.8836280434019357,3.7751612903225804,0.05119354838709677
2005-06-01,2005,6,5.0225,3.7,30,9,90.7,0.4,0,0,4.731116024778666,4.281666666666666,0.13503333333333334
2005-07-01,2005,7,5.1575,17.8,50.5,8.7,88.5,0.59,0,0,4.439837504643226,4.298709677419355,0.05793548387096774
2005-08-01,2005,8,6.7219999999999995,151,167,8.4,89.2,1.69,0,0.08,4.724531376226452,4.7387096774193544,0.0031935483870967744
2005-09-01,2005,9,6.28,72,108,4,98.4,1.16,0,0,3.368678335577333,3.3413333333333335,0.10981434999999999
2005-10-01,2005,10,5.309,26,70,0,108.8,0.8,0,0.04,2.3618276604109676,2.332258064516129,0.13861957741935485
2005-11-01,2005,11,4.605,15,45,5,117,0.52,0,0,0.9816666666666667,1.1279666666666668,0
2005-12-01,2005,12,4.74,4.9,34,3,126,0.58,0,0.02,1.4592387096774193,1.5548387096774194,0
2006-01-01,2006,1,4.678,11,31.7,3.4,131.4,0.57,0,0,1.415367741935484,1.5109677419354839,0
2006-02-01,2006,2,4.51,14.6,34,3.21,133.952,0.57,0.0936,0.03,1.4188335640505418,1.4757142857142858,0.030227205056677454
2006-03-01,2006,3,4.49875,25.3,37.11,3.16,134.38,0.64,0,0.06,2.0779895274534637,1.482258064516129,0.7517096774193549
2006-04-01,2006,4,5.65,17,49.58,4.56,132.57,0.67,0,0.01,7.957357694364666,0.5483666666666667,4.260233333333334
2006-05-01,2006,5,5.04,10.3,53,6.5,94.46,0.62,0,0.02,3.032960398312258,2.892161290322581,0.1568064516129032
2006-06-01,2006,6,5.0525,28.5,77.5,3,105.965,0.925,0,0.03,4.152317190421334,3.904333333333333,0.2810333333333333
2006-07-01,2006,7,6.372,74,122,7,111,1.51,0.04,0.03,4.01653013395742,3.9983870967741937,0.05658064516129032
2006-08-01,2006,8,6.54,64.2,129.8,7.2,124.44,1.05,0,0.03,3.8552334808741935,3.8716129032258064,0.0026774193548387095
2006-09-01,2006,9,6.7125,33.9,114.4,26.7,127.6,0.902,0.089,0.27,2.967246889398,2.975,0.06975061333333334
2006-10-01,2006,10,6.196,28.5,77.06,8.66,129.8,0.7313,0,0.145,2.332821047356774,2.300225806451613,0.13968104193548386
2006-11-01,2006,11,6.215,4.7,36.2,11.1,132.8,0.59,0,0.02,0.696136884308,0.8031,0.02918423333333333
2006-12-01,2006,12,6.7475000000000005,4.01,39,9.3,146.5,0.5307,0,0.06,1.5318193548387098,1.6274193548387097,0
2007-01-01,2007,1,7.038,10.83,30.8,2.7,155.3214,0.64,0,0.08,1.4592387096774193,1.5548387096774194,0
2007-02-01,2007,2,7.09,18.3,40.61,0,160.82,0.7046,0,0,1.4360927185169152,1.53,0.0015589295512453683
2007-03-01,2007,3,6.945,15,51.1,9.8,160.24,0.66,0,0.01,3.3199337348128743,1.558709677419355,2.9360967741935484
2007-04-01,2007,4,6.672,8,43.9,14.16,146.26,0.635,0,0.13,0.745795351328,0.3364,0.5451333333333334
2007-05-01,2007,5,6.282500000000001,15,72,14.2,102.47,0.78,0,0.02,2.9057484724993548,2.8961290322580644,0.014903225806451613
2007-06-01,2007,6,6.805,19.2,51.7,9.3,104.9,0.895,0,0.030000000000000002,3.5599862875973334,3.5633333333333335,0.006166666666666667
2007-07-01,2007,7,6.702,19,70.6,12.7,108.8,0.92,0,0.03,3.6361042653670967,3.6425806451612903,0.005
2007-08-01,2007,8,7.02,59,119.4,10.5,114.83,0.6317,0,0.14,6.120348263044516,6.127096774193548,0.004935483870967742
2007-09-01,2007,9,6.62,38,106,10.1,117.8,1.0853,0,0.03,2.849457382013333,2.8613333333333335,0.0037333333333333333
2007-10-01,2007,10,6.66,18,101,19,123,0.56,0,0.14,2.0021498431296774,2.0193548387096776,0.0024838709677419356
2007-11-01,2007,11,5.965,22.8,122,25,122.9,1.06,0.03,0.01,1.8497,1.996,0
2007-12-01,2007,12,6.176,24.9,68,20,139.2,0.63,0.08,0.09,1.7382709677419355,1.8338709677419356,0
2008-01-01,2008,1,6.075,27,54,14,153,0.69,0.06,0.03,1.646658064516129,1.742258064516129,0
2008-02-01,2008,2,6.532500000000001,12,51,14,159.3,0.68,0.06,0.134,1.7909228460214057,1.8841379310344828,0.0021266265624374906
2008-03-01,2008,3,6.72,6,53,21,163.6,0.85,0.067,0.3,2.011605925893747,2.009032258064516,0.06751337655495714
2008-04-01,2008,4,5.925,30,54,3,154,0.7818,0.01,0.0936,5.5450724910646665,5.144666666666667,0.26891756333333333
2008-05-01,2008,5,5.025,15,54,2,113.1,0.1925,0,0,8.224676962067742,8.19483870967742,0.1387160741935484
2008-06-01,2008,6,4.5,6,43,7,105.7,0.423,0,0.034,11.041862492046,11.03,0.13241001
2008-07-01,2008,7,4.6,11,68,15,100.3,0.63,0,0.02,9.27504370734129,9.290322580645162,0.12289060322580644
2008-08-01,2008,8,5.4,32,72,0,92.2,0.88,0.105,0.07,4.830069195643871,4.835806451612903,0.12127649032258064
2008-09-01,2008,9,6.384,16,89,11,89.83,0.68,0.04,0.09,3.1122018958533335,3.130333333333333,0.12189025333333334
2008-10-01,2008,10,5.8,13,58,6.6,91,0.65,0,0.04,2.290959951899355,2.272258064516129,0.13480795483870966
2008-11-01,2008,11,6.025,18,58,0,91.4,0.63,0.04,0.05,3.180530799668,3.311,0.013245986666666666
2008-12-01,2008,12,5.96,23,61,3,99.8,0.74,0.04,0.04,2.927948387096774,3.023548387096774,0
2009-01-01,2009,1,6.3,13,45,18,116.1,0.59,0.07,0.12,1.095367741935484,1.1909677419354838,0
2009-02-01,2009,2,6.15,8,46,19,117.7,0.44,0.08,0.25,1.2540428571428572,1.3496428571428571,0
2009-03-01,2009,3,5.798,14,40,10.71,116,0.48,0.136,0.15,1.4459086766915652,1.502258064516129,0.031675535819408955
2009-04-01,2009,4,5.755,28.5,62,3.5,114.15,0.55,0.04,0.125,6.326929047028,3.412,1.1818429866666667
2009-05-01,2009,5,4.5,5,49,0,81.6,0.38,0,0,8.775181164125806,8.651290322580644,0.17171797096774194
2009-06-01,2009,6,4.64,8.5,35,5.4399999999999995,82.7,0.4,0,0.01,4.696517946347333,4.663333333333333,0.13988851
2009-07-01,2009,7,4.7,15.5,44,4.25,86.035,0.495,0,0.01,5.532414503741291,5.519354838709678,0.13282977096774193
2009-08-01,2009,8,4.84,15.85,45,1.6666666666666667,86.94,0.435,0,0.09,4.518524045205806,4.492258064516129,0.13746161612903227
2009-09-01,2009,9,4.85,11.5,63.75,11.85,86.5,0.44,0,0.13,3.3228704119186667,3.3216666666666668,0.12867076
2009-10-01,2009,10,4.825,18.5,57.5,8.15,88.72,0.595,0.014,0.03,2.3104392419832256,2.253225806451613,0.14831750322580645
2009-11-01,2009,11,5,15.5,46.5,5.5,88.91,0.515,0.01,0.065,1.3387,1.485,0
2009-12-01,2009,12,5.2925,12,35,6,97.2,0.43,0.03,0.15,1.926658064516129,2.0222580645161288,0
2010-01-01,2010,1,5.5925,10,32.8,11.4,100.3,0.44,0.04,0.21,1.6547225806451613,1.7503225806451612,0
2010-02-01,2010,2,5.4,5,42,20,104.11,0.4051,0.109,0.247,1.6133285714285714,1.7089285714285714,0
2010-03-01,2010,3,5.014,2.6,48,28,103.3,0.37,0.288,0.11,2.45833648202752,1.1536451612903225,0.9025485383754972
2010-04-01,2010,4,4.575,20,58.6,3,86.37,0.54,0,0.03,6.711633608290667,6.203566666666666,0.30685848666666665
2010-05-01,2010,5,4.636,4,35,5,88.8,0.3897,0,0.07,7.930856285896129,6.441322580645161,0.6570967451612904
2010-06-01,2010,6,4.6899999999999995,6,34,4,91.04,0.411,0,0.02,8.472739824521334,0.9788333333333333,3.0167677466666665
2010-07-01,2010,7,5.2325,31,70,0,94.1,0.68,0,0.06,4.6781882477432255,3.81,0.4342374451612903
2010-08-01,2010,8,6.4,62,78,0,114.28,0.82,0,0.1,4.510046897699355,4.398387096774194,0.16742386451612903
2010-09-01,2010,9,5.825,28,70,6,132.1,0.7488,0,0.05,2.005430474624,1.6162,0.2650786
2010-10-01,2010,10,5.755,11,54,13.8,153.4,0.67,0,0.05,2.0420400313019353,1.9100322580645162,0.1745646258064516
2010-11-01,2010,11,5.364,11,52.7,12.2,163.5,0.48,0,0.06,1.8333748829613332,1.9323333333333332,0.02686818
2010-12-01,2010,12,5.125,8,42.5,14.5,177.1,0.44,0.025,0.09,1.997948387096774,2.0935483870967744,0
2011-01-01,2011,1,5.3,5,53.9,31,181.5,0.54,0.03,0.24,1.4824645161290324,1.5780645161290323,0
2011-02-01,2011,2,5.4,2.6,64,43,186.4,0.51,0.16,0.27,1.0651142857142857,1.1607142857142858,0
2011-03-01,2011,3,5.41,5,70,48,198.83,0.49,0.235,0.29,0.9979719146094475,1.0398709677419355,0.04151359806464737
2011-04-01,2011,4,5.5275,18.75,64.85,15.3,194.525,0.535,0.1678,0.18,18.88894413943933,0.3207333333333333,8.25555671
2011-05-01,2011,5,6.772,38.5,105.65,8.5,121.215,0.8164499999999999,0.073,0.030000000000000002,0.3915839062309677,0.039870967741935485,0.2517620451612903
2011-06-01,2011,6,6.13,15.6,66.5,7.1,145.55,0.655,0.0995,0.11,1.132210808834,0.554,0.33183667666666666
2011-07-01,2011,7,8.375,33,98.4,33.7,156.17,0.83,0.07,0.11,2.0550160778619353,2.012935483870968,0.14301018064516127
2011-08-01,2011,8,6.662,29,110.25,35.9,176.85,0.835,0.07100000000000001,0.045,2.7897796201374194,2.7838709677419353,0.13032085483870967
2011-09-01,2011,9,6.5,22,95,31,188.6,0.77,0.061,0.12,3.3916965878313334,3.3653333333333335,0.13749539
2011-10-01,2011,10,6.438,11,105,46,199.46,0.82,0.106,0.13,3.2687902385309675,3.2053870967741935,0.15048868064516127
2011-11-01,2011,11,6.300000000000001,11,95,45,193.4,0.71,0.191,0.08,2.7863666666666664,2.9326666666666665,0
2011-12-01,2011,12,6.775,33,63.5,7.1,213.98,0.8,0.04,0,1.6134322580645162,1.709032258064516,0
2012-01-01,2012,1,7.12,19,59,15,209.6,0.71,0.082,0,1.4705290322580646,1.5661290322580645,0
2012-02-01,2012,2,6.925,17,54.5,9,210.7,0.81,0,0,1.4719000000000002,1.5675000000000001,0
2012-03-01,2012,3,6.875,24,59.2,5.6,201.6,0.81,0.01,0.05,2.1371534745249714,1.7916129032258064,0.2698590978967406
2012-04-01,2012,4,5.68,10,56.6,7.1,158.2,0.55,0.07,0,2.288298706912667,2.155666666666667,0.17478817666666666
2012-05-01,2012,5,5.3,7,59,10,159,0.48,0.07,0,3.552957234687742,2.26,0.5863163612903226
2012-06-01,2012,6,5.475,12,56.1,9.8,161,0.427,0.05,0,3.585522055112667,2.7986666666666666,0.40542511666666664
2012-07-01,2012,7,6.66,49,81,3,161.7,0.73,0,0.19,4.265043202096774,4.15258064516129,0.16771335483870967
2012-08-01,2012,8,7.525,128.5,163.8,4.699999999999999,175.8,1.15,0,0.22499999999999998,3.93020385123871,3.899677419354839,0.13895731612903225
2012-09-01,2012,9,8.725,112,147,5,183,1.75,0,0.02,2.5519726953646664,2.5156666666666667,0.14098535666666667
2012-10-01,2012,10,7.612,30,94,7,185.2,0.9,0.039,0.105,2.9373970691651614,2.845806451612903,0.16037959999999998
2012-11-01,2012,11,6.9,33,55,6,191.71,0.66,0.048,0.105,2.2383333333333333,2.3846333333333334,0
2012-12-01,2012,12,7.1,13,45.1,5.1,208.5,0.69,0,0.105,3.672141935483871,3.767741935483871,0
2013-01-01,2013,1,6.775,7.6,40.6,17.5,212.2,0.6,0,0.19,1.8952064516129032,1.9908064516129031,0
2013-02-01,2013,2,6.15,6,39,18,196,0.52,0,0.29,0.7784714285714286,0.8740714285714286,0
2013-03-01,2013,3,6.1,4,45,27,196,0.51,0.15,0.27,0.8248536132795292,0.8540967741935483,0.051743143568644116
2013-04-01,2013,4,6.1,7,52.5,31.5,182.55,0.545,0.21,0.185,4.736287851058667,0.7642666666666666,1.6730308666666664
2013-05-01,2013,5,6.85,19.5,147,0,119.95,0.74,0.19,0.125,2.66338864396,0.8469677419354839,0.7767044967741935
2013-06-01,2013,6,5.975,16.5,67.5,7.5,133.35,0.595,0.07500000000000001,0.105,4.581031399593333,4.509333333333333,0.15339966666666666
2013-07-01,2013,7,6.28,69.5,71,0,146.60000000000002,1.09,0.06,0.08,3.7786209579580645,3.7361290322580647,0.14315492580645162
2013-08-01,2013,8,6.45,53.5,94.5,5.5,155.8,0.8400000000000001,0.015,0.23,3.2964962157,3.297741935483871,0.12781193870967741
2013-09-01,2013,9,6.44,72,92.5,2,155.7,0.99,0,0.1,1.726906726138,1.7022,0.12923507
2013-10-01,2013,10,6.3,19.5,56.5,2,158.4,0.76,0.065,0,3.302291324554193,3.238064516129032,0.15077817096774193
2013-11-01,2013,11,6.075,22,57.5,2.5,168.89999999999998,0.7849999999999999,0.07,0.15,1.7050333333333332,1.8513333333333333,0
2013-12-01,2013,12,6.54,25,53,0,176.2,0.75,0.11,0.18,2.317948387096774,2.413548387096774,0
2014-01-01,2014,1,6.25,6.5,56.5,31,189.45,0.595,0.08,0.21,2.4660129032258062,2.5616129032258064,0
2014-02-01,2014,2,6.35,16.5,73,28.5,199.6,0.67,0.1635,0.115,2.1101142857142854,2.2057142857142855,0
2014-03-01,2014,3,6.14,19,57.5,22.5,190.7,0.635,0.09,0.105,1.8829864607227025,1.9258064516129032,0.04280739449475956
2014-04-01,2014,4,6.475,9,82,26,142.95,0.6599999999999999,0.04,0.135,13.292010863776,0.5479999999999999,5.5243586533333335
2014-05-01,2014,5,7.15,20.5,90,24.5,88.3,0.7050000000000001,0.1,0.115,0.8854999034825807,0.0612258064516129,0.4196664322580645
2014-06-01,2014,6,6.8,18,75,4,98.35,0.76,0,0.14,3.190638686987333,0.046233333333333335,1.2581735433333334
2014-07-01,2014,7,8.025,60.75,107,9.5,156.39999999999998,1.035,0.05,0.13,2.558534690536129,1.0431612903225806,0.6675183967741936
2014-08-01,2014,8,8.4,39.75,116.5,39,188.14999999999998,0.915,0.055,0.2,1.820229013424516,1.8053870967741936,0.133457
2014-09-01,2014,9,8.82,20.8,88,28.5,205.55,0.9450000000000001,0.055,0.115,0.13341955129,0.1298,0.12951832333333332
2014-10-01,2014,10,9.175,17,53,11.5,236.055,0.745,0.015,0.11,4.221018492450968,4.151290322580645,0.1527081064516129
2014-11-01,2014,11,9.425,13,77,41,257.3,0.79,0.1,0,1.3193666666666666,1.4656666666666667,0
2014-12-01,2014,12,9.78,8,52,27,289.2,0.75,0.08,0.17,1.6089161290322582,1.7045161290322581,0
2015-01-01,2015,1,10.575,33,55,11,319.5,0.95,0.08,0.06,1.5479483870967743,1.6435483870967742,0
2015-02-01,2015,2,10.875,26,52,4,335.1,0.87,0,0.16,1.4451142857142858,1.5407142857142857,0
2015-03-01,2015,3,10.78,20,56,10,339.8,0.94,0.04,0.14,3.4731175173458926,0.5260645161290323,3.3130353258378125
2015-04-01,2015,4,10.825,18,117,55,263.5,0.93,0.086,0.31,1.5875548026753334,0.06723333333333334,0.6668734766666666
2015-05-01,2015,5,10.05,14,61,27.5,207.5,0.82,0,0.2,1.7066252904690322,1.1611935483870968,0.31993701612903225
2015-06-01,2015,6,10.58,34,60,0,236.7,1.01,0,0.23,4.726666666666667,4.663333333333333,0.15080712
2015-07-01,2015,7,10.525,41,95,23,278.3,0.82,0.06,0.09,6.418064516129032,5.4153548387096775,0.30908112903225804
2015-08-01,2015,8,10.38,48,92,10,282.7,1.17,0,0.06,4.054290322580645,2.9419999999999997,0.4807006419354839
2015-09-01,2015,9,10.1,24.5,97,16,269.7,0.86,0,0.36,1.3255333333333332,0.5925333333333334,0.17743058
2015-10-01,2015,10,9.600000000000001,26.666666666666668,84,24,261.1,0.73,0.02,0.24,1.359483870967742,1.288290322580645,0.18469678709677417
2015-11-01,2015,11,9.200000000000001,11,63,13,275.4,0.74,0.04,0.12,1.8418666666666668,1.5373333333333334,0
2015-12-01,2015,12,9.45,17,51,10,282.1,0.42,0.041,0.42,1.5218064516129033,1.53,0
2016-01-01,2016,1,9.825,16,48,11,319.2,0.7,0.04,0.15,1.5590322580645162,1.6751612903225805,0
2016-02-01,2016,2,9.89,29,57,4,326.3,0.76,0.03,0.24,1.973448275862069,1.8572413793103448,0
2016-03-01,2016,3,9.425,11,65,6,305.7,0.87,0,0,5.819354838709677,1.8787096774193548,0.49562022649205756
2016-04-01,2016,4,7.675,12,72,9,235.48,0.73,0,0,5.292666666666666,5.976,0.42282509333333335
2016-05-01,2016,5,7.46,7.333333333333333,52,14,229.3,0.47,0,0.16,5.428064516129032,5.627419354838709,0.22459820322580645
2016-06-01,2016,6,7.85,16.75,51,4.5,225.14999999999998,0.51,0.08499999999999999,0.15,3.7396666666666665,3.6873333333333336,0.21851247333333332
2016-07-01,2016,7,8.375,41.5,82.5,0,222.85000000000002,0.9199999999999999,0.065,0.16,4.041935483870968,2.078193548387097,0.7074680612903226
2016-08-01,2016,8,8.959999999999999,81.4,126.5,5,213.6,1.01,0.05500000000000001,0.345,3.1912903225806453,2.472774193548387,0.2142248
2016-09-01,2016,9,8.5,75,146.5,11.5,228.7,0.875,0.06,0.21000000000000002,2.978,2.8126666666666664,0.16087816666666666
2016-10-01,2016,10,8.22,25,91.5,21.5,240.95,0.565,0.025,0.13,1.3447096774193548,0.5866129032258065,0.4547912580645161
2016-11-01,2016,11,7.7,25,84,9,243.7,0.59,0,0.13,1.0493333333333332,0.8608,0
2016-12-01,2016,12,7.8999999999999995,45,84,9,276.8,0.9,0.06,0.15,1.6298064516129032,1.7958064516129033,0
2017-01-01,2017,1,8.74,47,95,7,300.4,0.8,0.06,0.14,2.477741935483871,1.9716129032258065,0
2017-02-01,2017,2,8.925,34,65,0,329.4,0.87,0.07,0.06,2.677857142857143,2.1878571428571427,0
2017-03-01,2017,3,9.100000000000001,15,67,5,328.4,0.92,0,0.1,2.2941935483870965,2.163548387096774,0.3927254081818426
2017-04-01,2017,4,7.5,20,76,10,270.2,0.74,0.05,0.12,1.0135,0.7156,0.2594946533333333
2017-05-01,2017,5,7.08,16,71,0,259.7,0.73,0.05,0.06,3.022258064516129,2.9716129032258065,0.22218578387096774
2017-06-01,2017,6,7,12,64,14,265.6,0.33,0.06,0,8.397,9.24,0.14058650333333333
2017-07-01,2017,7,7.6,38,93,12.5,263.2,0.895,0.0455,0.28,8.675806451612903,9.888387096774194,0.12588200322580645
2017-08-01,2017,8,8.1,76,105,4,246.3,1.11,0,0,6.498387096774193,7.842258064516129,0.12477229032258065
2017-09-01,2017,9,7.65,25,104,9,226.1,1.1,0.06,0.08,4.1606,4.7115,0.12802262333333334
2017-10-01,2017,10,6.3,12,70,17,202.6,0.45,0.06,0.24,0.8995483870967742,0.9962580645161291,0.15796718064516127
2017-11-01,2017,11,6.2475000000000005,16,65,13,195.44,0.66,0.06,0,2.0396666666666667,2.416,0
2017-12-01,2017,12,6.3,24.5,60.5,8,199.6,0.625,0.12,0,2.09,2.2922580645161292,0
2018-01-01,2018,1,6.36,33,56,3,204.9,0.64,0.11,0,2.0716129032258066,1.9480645161290322,0
2018-02-01,2018,2,6.3500000000000005,26,56,4,216.3,0.62,0.13,0,2.1789285714285715,1.7985714285714287,0
2018-03-01,2018,3,6.2,12,48,14,210.7,0.58,0.07,0.12,2.124483870967742,1.847741935483871,0.13494259363468417
2018-04-01,2018,4,5.9799999999999995,16,47,3,191.10000000000002,0.49,0.135,0.12,5.031,1.3191,1.4342174333333333
2018-05-01,2018,5,5.15,4.666666666666667,87,12,148.10000000000002,0.355,0.11,0.035,8.90258064516129,8.606451612903225,0.16134456774193548
2018-06-01,2018,6,5.55,15.75,53,9.5,149.6,0.46,0.115,0.11,3.7894,3.2773,0.16790795666666666
2018-07-01,2018,7,6.88,56.6,98,1.5,147.65,0.9450000000000001,0.0895,0.08,5.6974193548387095,5.496774193548387,0.13263677741935484
2018-08-01,2018,8,6.455,31,112.5,29,152,0.5549999999999999,0.11,0.315,5.285483870967742,5.114193548387097,0.12216687741935484
2018-09-01,2018,9,5.9575,25,97,27.5,154,0.655,0.10500000000000001,0.060000000000000005,4.358333333333333,3.871,0.12533036333333333
2018-10-01,2018,10,5.432,13.2,64,20,144,0.605,0.095,0.09,0.7670967741935484,0.6565483870967742,0.12400031612903226
2018-11-01,2018,11,5.71,17,61.35,17.25,153.5,0.575,0.145,0,2.5166666666666666,2.258966666666667,0
2018-12-01,2018,12,5.785,10.5,54,18,159,0.53,0.13,0.06,1.496225806451613,2.2093548387096775,0
2019-01-01,2019,1,5.7975,7,56.5,31,165.5,0.48,0.16999999999999998,0.21,1.2860645161290323,2.140967741935484,0
2019-02-01,2019,2,5.87,3.5,50,31,173.5,0.505,0.175,0.22,2.1541071428571428,2.003214285714286,0
2019-03-01,2019,3,5.8,13.305,48,15.5,175.2,0.42,0.1915,0.155,2.8571935483870967,1.4923548387096774,0.40288836466462613
2019-04-01,2019,4,5.228,7.5,43.5,3.5,148.5,0.6,0.11499999999999999,0.055,9.559666666666667,9.6,0.21876175666666667
2019-05-01,2019,5,4.890000000000001,4,37,12,122,0.45,0.10500000000000001,0,9.679677419354839,10.051290322580645,0.18571000322580644
2019-06-01,2019,6,4.7275,7,48.5,15,115.5,0.35,0.115,0.025,6.965,7.068333333333333,0.23376861333333332
2019-07-01,2019,7,5.5680000000000005,44,81.5,5,103.5,0.75,0.1,0.225,5.933870967741935,5.337741935483871,0.4165302870967742
2019-08-01,2019,8,6.5075,104,113.5,0,100,0.95,0.065,0.345,6.645483870967742,6.194838709677419,0.1573882
2019-09-01,2019,9,6.474,50.5,198,5.5,101,0.8,0.06,0.36,3.8487666666666667,2.8249666666666666,0.18939618
2019-10-01,2019,10,5.115,13,66,12,109,0,0.1,0.07,0.48135483870967744,0.5401612903225806,0.15878740322580645
2019-11-01,2019,11,5.185,15,50,10,117,0.7,0.12,0.05,1.5962333333333334,2.1743333333333332,0
2019-12-01,2019,12,5.026,14,42,7,119,0.4,0.11,0.15,1.3121290322580645,1.9732258064516128,0
