"","date_ymd","Year","Month","SK05JG004_cms","SK05JG004_combined_cms","SK05JG004_predicted_cms","SK05JG006_cms","SK05JG013_cms","SK05JG014_cms","SK05JG014_combined_cms","SK05JG014_predicted_cms","Ungauged_predicted_cms","RC_IC_cms"
"1",1980-01-01,1980,1,1.10322580645161,1.10322580645161,1.1744,1.27,0,NA,0,0,-0.0956,0
"2",1980-02-01,1980,2,1.0851724137931,1.0851724137931,1.11573520465988,1.20862068965517,0.000344827586206897,NA,0.00193952006573825,0.00193952006573825,-0.0951698326472414,0.00228434765194514
"3",1980-03-01,1980,3,1.21912903225806,1.21912903225806,0.856334451816941,0.103258064516129,0.369645161290323,0.302838709677419,0.302838709677419,0.126750422709484,0.256680803301005,0.672483870967742
"4",1980-04-01,1980,4,0.927333333333333,0.927333333333333,0.350429899316667,0.0995666666666667,0.0654333333333333,0.133466666666667,0.133466666666667,0.150935303333333,0.0344945959833333,0.1989
"5",1980-05-01,1980,5,0.734838709677419,0.734838709677419,1.45289609073161,1.45290322580645,0.00651612903225806,0,0,0.12173004516129,-0.128253309268387,0.00651612903225806
"6",1980-06-01,1980,6,5.4474,5.4474,6.62821248056,6.7,8e-04,0,0,0.07149656,-0.14408407944,8e-04
"7",1980-07-01,1980,7,5.85,5.85,7.0344874695471,7.0958064516129,0.002,0,0,0.0774430129032258,-0.140761994969032,0.002
"8",1980-08-01,1980,8,5.15806451612903,5.15806451612903,5.69819340733226,5.76322580645161,0.00112903225806452,0,0,0.0770112741935484,-0.143172705570968,0.00112903225806452
"9",1980-09-01,1980,9,3.455,3.455,3.73803333333333,3.88433333333333,0,0,0,0,-0.1463,0
"10",1980-10-01,1980,10,1.87677419354839,1.87677419354839,1.6207761123529,1.73935483870968,0.000225806451612903,0,0,0.0268699967741935,-0.145674529582581,0.000225806451612903
"11",1980-11-01,1980,11,1.64966666666667,1.64966666666667,1.66940208538933,1.79933333333333,0.000133333333333333,NA,0.0158660933333333,0.0158660933333333,-0.145930674610667,0.0159994266666667
"12",1980-12-01,1980,12,1.47806451612903,1.47806451612903,1.7585935483871,1.8541935483871,0,NA,0,0,-0.0956,0
"13",1981-01-01,1981,1,1.56032258064516,1.56032258064516,1.71477764074869,1.78677419354839,0.00387096774193548,NA,0.0149093647796561,0.0149093647796561,-0.0907768853212903,0.0187803325215916
"14",1981-02-01,1981,2,1.39614285714286,1.39614285714286,1.3952186577248,1.10753571428571,0.138928571428571,0,0,0.090725935337476,0.0580284366730343,0.138928571428571
"15",1981-03-01,1981,3,1.04141935483871,1.04141935483871,0.873630480873316,0.78741935483871,0.0475806451612903,0,0,0.0756885009096189,-0.0370580200363032,0.0475806451612903
"16",1981-04-01,1981,4,3.98496666666667,3.98496666666667,4.01019789284667,4.00586666666667,0.00753333333333333,0,0,0.122234273333333,-0.125436380486667,0.00753333333333333
"17",1981-05-01,1981,5,9.38838709677419,9.38838709677419,9.69648255192903,9.69483870967742,0.00690322580645161,0,0,0.121921929032258,-0.127181312587097,0.00690322580645161
"18",1981-06-01,1981,6,10.59,10.59,10.4453501353467,10.4546666666667,0.00433333333333333,0,0,0.120648033333333,-0.134297897986667,0.00433333333333333
"19",1981-07-01,1981,7,10.3238709677419,10.3238709677419,10.1200639310168,10.0564516129032,0.0232903225806452,0,0,0.122399851612903,-0.08207785608,0.0232903225806452
"20",1981-08-01,1981,8,7.86806451612903,7.86806451612903,8.22462253167484,8.24193548387097,0.00335483870967742,0,0,0.116340412903226,-0.137008203809032,0.00335483870967742
"21",1981-09-01,1981,9,5.087,5.087,4.74481010633467,4.76066666666667,0.0028,0,0,0.11988796,-0.138544520332,0.0028
"22",1981-10-01,1981,10,0.857516129032258,0.857516129032258,0.567387531505161,0.581290322580645,0.00325806451612903,0,0,0.120115022580645,-0.137275878172258,0.00325806451612903
"23",1981-11-01,1981,11,0.973533333333333,0.973533333333333,1.00706506715667,1.13176666666667,0.000433333333333333,NA,0.0199648033333333,0.0199648033333333,-0.145099736176667,0.0203981366666667
"24",1981-12-01,1981,12,0.953032258064516,0.953032258064516,1.16052903225806,1.25612903225806,0,NA,0,0,-0.0956,0
"25",1982-01-01,1982,1,0.943451612903226,0.943451612903226,1.1544,1.25,0,NA,0,0,-0.0956,0
"26",1982-02-01,1982,2,0.988214285714286,0.988214285714286,1.19841299187216,1.27821428571429,0.001,NA,0.0135500091449568,0.0135500091449568,-0.09435130298708,0.0145500091449568
"27",1982-03-01,1982,3,0.823516129032258,0.823516129032258,1.08138393296766,0.785483870967742,0.182645161290323,0.000193548387096774,0.000193548387096774,0.0665193851655966,0.046735515544,0.182838709677419
"28",1982-04-01,1982,4,13.7361666666667,13.7361666666667,11.4445592124973,0.0338333333333333,3.30106666666667,1.10386666666667,1.10386666666667,1.75483874666667,6.35482046583067,4.40493333333333
"29",1982-05-01,1982,5,0.770354838709677,0.770354838709677,0.442023456895484,0.0326129032258065,0.103354838709677,0.00667741935483871,0.00667741935483871,0.169732993548387,0.136322721411613,0.110032258064516
"30",1982-06-01,1982,6,0.749633333333333,0.749633333333333,0.744155415041333,0.461333333333333,0.0731333333333333,0.0118,0.0118,0.154752193333333,0.0549365550413333,0.0849333333333333
"31",1982-07-01,1982,7,1.07438709677419,1.07438709677419,1.24331285560645,0.967225806451613,0.0716129032258064,0.0371612903225806,0.0371612903225806,0.153998516129032,0.0504756298,0.108774193548387
"32",1982-08-01,1982,8,1.28683870967742,1.28683870967742,1.59042696721742,1.62267741935484,0.00164516129032258,0.000903225806451613,0.000903225806451613,0.107847764516129,-0.141743377943871,0.00254838709677419
"33",1982-09-01,1982,9,3.421,3.421,2.91043522862667,2.96866666666667,0.0012,0,0,0.08354484,-0.14297627804,0.0012
"34",1982-10-01,1982,10,2.27612903225806,2.27612903225806,1.96334999625806,1.98096774193548,0.00238709677419355,0,0,0.119683283870968,-0.139688126322581,0.00238709677419355
"35",1982-11-01,1982,11,1.82033333333333,1.82033333333333,1.60136666666667,1.74766666666667,0,NA,0,0,-0.1463,0
"36",1982-12-01,1982,12,1.23,1.23,1.26278709677419,1.35838709677419,0,NA,0,0,-0.0956,0
"37",1983-01-01,1983,1,1.16096774193548,1.16096774193548,1.21988387096774,1.31548387096774,0,NA,0,0,-0.0956,0
"38",1983-02-01,1983,2,1.18571428571429,1.18571428571429,1.33849540721159,1.28428571428571,0.0453928571428571,0,0,0.0528361006735249,-0.0440192648905014,0.0453928571428571
"39",1983-03-01,1983,3,1.49383870967742,1.49383870967742,1.40787766380765,0.627387096774194,0.382935483870968,0.125838709677419,0.125838709677419,0.156196429165762,0.241358653996724,0.508774193548387
"40",1983-04-01,1983,4,1.3858,1.3858,0.556170134882,0.0566,0.124233333333333,0.299533333333333,0.299533333333333,0.180082463333333,0.195254338215333,0.423766666666667
"41",1983-05-01,1983,5,0.918870967741935,0.918870967741935,0.931424910116774,0.842258064516129,0.0274516129032258,0.00912903225806452,0.00912903225806452,0.132107764516129,-0.0703925318187097,0.0365806451612903
"42",1983-06-01,1983,6,2.45706666666667,2.45706666666667,2.70704038834733,2.72133333333333,0.00316666666666667,0.000333333333333333,0.000333333333333333,0.120069716666667,-0.137529328319333,0.0035
"43",1983-07-01,1983,7,2.629,2.629,3.95877482466387,2.47651612903226,0.359774193548387,0.12258064516129,0.12258064516129,0.296840067741935,0.82564443434129,0.482354838709677
"44",1983-08-01,1983,8,3.58225806451613,3.58225806451613,3.71833376444452,3.68032258064516,0.0253225806451613,0.00316129032258065,0.00316129032258065,0.0890040161290323,-0.0763154129748387,0.0284838709677419
"45",1983-09-01,1983,9,3.58733333333333,3.58733333333333,3.48061710276533,3.55433333333333,0.0022,0,0,0.06429054,-0.140206770568,0.0022
"46",1983-10-01,1983,10,1.59354838709677,1.59354838709677,1.48844203867935,1.48225806451613,0.00796774193548387,0,0,0.122449609677419,-0.124233377449677,0.00796774193548387
"47",1983-11-01,1983,11,1.3189,1.3189,1.356318946598,1.479,0.00183333333333333,NA,0.0167087833333333,0.0167087833333333,-0.141223170068667,0.0185421166666667
"48",1983-12-01,1983,12,1.14377419354839,1.14377419354839,1.39343225806452,1.48903225806452,0,NA,0,0,-0.0956,0
"49",1984-01-01,1984,1,1.00551612903226,1.00551612903226,1.35085161290323,1.44645161290323,0,NA,0,0,-0.0956,0
"50",1984-02-01,1984,2,1.43613793103448,1.43613793103448,1.41321826356564,1.44379310344828,0.0224137931034483,NA,0.0160786839971234,0.0160786839971234,-0.0690673169832055,0.0384924771005717
"51",1984-03-01,1984,3,1.50261290322581,1.50261290322581,1.42763374503608,0.734483870967742,0.320129032258064,0.159064516129032,0.159064516129032,0.150735649446457,0.222285192363822,0.479193548387097
"52",1984-04-01,1984,4,1.87283333333333,1.87283333333333,1.85442901099067,1.64986666666667,0.0545333333333333,0.0175666666666667,0.0175666666666667,0.145532173333333,0.00449683765733332,0.0721
"53",1984-05-01,1984,5,4.6041935483871,4.6041935483871,4.89406406117613,4.86064516129032,0.0143548387096774,0,0,0.125615693548387,-0.106551632372258,0.0143548387096774
"54",1984-06-01,1984,6,4.683,4.683,5.04389914491333,5.06533333333333,0.0052,0,0,0.10527764,-0.13191182842,0.0052
"55",1984-07-01,1984,7,5.24483870967742,5.24483870967742,6.08581391228516,6.2241935483871,6.45161290322581e-05,0,0,0.00767714193548387,-0.146121294166452,6.45161290322581e-05
"56",1984-08-01,1984,8,8.12322580645161,8.12322580645161,8.47853870967742,8.62483870967742,0,0,0,0,-0.1463,0
"57",1984-09-01,1984,9,3.69433333333333,3.69433333333333,3.29503333333333,3.44133333333333,0,0,0,0,-0.1463,0
"58",1984-10-01,1984,10,1.64306451612903,1.64306451612903,1.72584250303355,1.79483870967742,0.0100645161290323,0,0,0.0393922064516129,-0.118452929224516,0.0100645161290323
"59",1984-11-01,1984,11,1.23923333333333,1.23923333333333,1.32473836806667,1.46566666666667,0.000333333333333333,NA,0.00411523333333333,0.00411523333333333,-0.145376865266667,0.00444856666666667
"60",1984-12-01,1984,12,1.05548387096774,1.05548387096774,1.36278709677419,1.45838709677419,0,NA,0,0,-0.0956,0
"61",1985-01-01,1985,1,1.08503225806452,1.08503225806452,1.16536774193548,1.26096774193548,0,NA,0,0,-0.0956,0
"62",1985-02-01,1985,2,1.02803571428571,1.02803571428571,1.22837686307054,1.31892857142857,0.000892857142857143,0,0,0.00304364122371778,-0.0944882067246071,0.000892857142857143
"63",1985-03-01,1985,3,2.67522580645161,2.67522580645161,3.2185010244686,1.03096774193548,2.03141935483871,0.309806451612903,0.309806451612903,0.286699608710379,-0.130585681015977,2.34122580645161
"64",1985-04-01,1985,4,4.4935,4.4935,2.64163625754,0.0693,0.633533333333333,1.56663333333333,1.56663333333333,0.432542473333333,1.50626045087333,2.20016666666667
"65",1985-05-01,1985,5,0.272935483870968,0.272935483870968,0.357869216911613,0.256,0.0304193548387097,0.038258064516129,0.038258064516129,0.133578874193548,-0.0621290121206452,0.0686774193548387
"66",1985-06-01,1985,6,2.66633333333333,2.66633333333333,2.988517029974,3.037,0.00163333333333333,0,0,0.0916596433333333,-0.141775946692667,0.00163333333333333
"67",1985-07-01,1985,7,4.38387096774194,4.38387096774194,5.2037,5.35,0,0,0,0,-0.1463,0
"68",1985-08-01,1985,8,5.15258064516129,5.15258064516129,5.58595806451613,5.73225806451613,0,0,0,0,-0.1463,0
"69",1985-09-01,1985,9,3.21366666666667,3.21366666666667,2.87703333333333,3.02333333333333,0,0,0,0,-0.1463,0
"70",1985-10-01,1985,10,1.19725806451613,1.19725806451613,1.22057096774194,1.36687096774194,0,0,0,0,-0.1463,0
"71",1985-11-01,1985,11,1.29276666666667,1.29276666666667,1.44503333333333,1.59133333333333,0,NA,0,0,-0.1463,0
"72",1985-12-01,1985,12,1.24774193548387,1.24774193548387,1.29891612903226,1.39451612903226,0,NA,0,0,-0.0956,0
"73",1986-01-01,1986,1,1.20903225806452,1.20903225806452,1.25827096774194,1.35387096774194,0,NA,0,0,-0.0956,0
"74",1986-02-01,1986,2,1.36071428571429,1.36071428571429,1.74281043918956,1.36928571428571,0.308535714285714,NA,0.0666456252593914,0.0666456252593914,-0.00165661464125854,0.375181339545106
"75",1986-03-01,1986,3,3.31870967741935,3.31870967741935,2.25967248257556,1.4241935483871,0.478935483870968,0.178225806451613,0.178225806451613,0.166203467594313,0.190339982723181,0.657161290322581
"76",1986-04-01,1986,4,2.0044,2.0044,2.24860823517733,2.12833333333333,0.0347333333333333,0.00793333333333333,0.00793333333333333,0.135717313333333,-0.0501757448226667,0.0426666666666667
"77",1986-05-01,1986,5,7.63096774193548,7.63096774193548,8.05135065543936,7.82064516129032,0.0606774193548387,0,0,0.148577796774194,0.02145027802,0.0606774193548387
"78",1986-06-01,1986,6,5.52966666666667,5.52966666666667,5.20947856260733,5.26333333333333,0.0013,0,0,0.08754441,-0.142699180726,0.0013
"79",1986-07-01,1986,7,3.98870967741935,3.98870967741935,4.90886129032258,5.05516129032258,0,0,0,0,-0.1463,0
"80",1986-08-01,1986,8,3.36290322580645,3.36290322580645,3.39724838709677,3.54354838709677,0,0,0,0,-0.1463,0
"81",1986-09-01,1986,9,3.657,3.657,3.232206204532,3.361,4e-04,0,0,0.01599828,-0.145192075468,4e-04
"82",1986-10-01,1986,10,1.64129032258065,1.64129032258065,1.59203205400129,1.60387096774194,0.00374193548387097,0,0,0.120354877419355,-0.135935726643871,0.00374193548387097
"83",1986-11-01,1986,11,1.42656666666667,1.42656666666667,1.39642770862733,1.52533333333333,0.0013,NA,0.01249441,0.01249441,-0.142700034706,0.01379441
"84",1986-12-01,1986,12,1.36306451612903,1.36306451612903,1.36343225806452,1.45903225806452,0,NA,0,0,-0.0956,0
"85",1987-01-01,1987,1,1.37193548387097,1.37193548387097,1.3871106896183,1.48129032258065,0.000193548387096774,NA,0.00098542849601799,0.00098542849601799,-0.0953586098454606,0.00117897688311476
"86",1987-02-01,1987,2,1.51071428571429,1.51071428571429,1.59682033406401,1.68857142857143,0.000821428571428571,NA,0.00200723155694831,0.00200723155694831,-0.0945797546357986,0.00282866012837688
"87",1987-03-01,1987,3,3.22451612903226,3.22451612903226,2.88998526866832,1.66290322580645,0.61658064516129,0.145161290322581,0.145161290322581,0.200637015740721,0.409864381959861,0.761741935483871
"88",1987-04-01,1987,4,3.47233333333333,3.47233333333333,4.06486164009,2.745,0.321233333333333,0.1035,0.1035,0.277735363333333,0.720892943423333,0.424733333333333
"89",1987-05-01,1987,5,6.53483870967742,6.53483870967742,6.5463292995729,6.54193548387097,0.00754838709677419,0,0,0.122241735483871,-0.12539630687871,0.00754838709677419
"90",1987-06-01,1987,6,9.831,9.831,9.83230187672867,9.92366666666667,0.00176666666666667,0,0,0.0482757366666667,-0.141407193271333,0.00176666666666667
"91",1987-07-01,1987,7,11.0354838709677,11.0354838709677,10.6188787448652,10.7358064516129,0.000612903225806452,0,0,0.0270618806451613,-0.14460249061871,0.000612903225806452
"92",1987-08-01,1987,8,5.33903225806452,5.33903225806452,4.98185373033613,5.1241935483871,3.2258064516129e-05,0,0,0.00383857096774194,-0.146210647083226,3.2258064516129e-05
"93",1987-09-01,1987,9,4.08666666666667,4.08666666666667,3.92736666666667,4.07366666666667,0,0,0,0,-0.1463,0
"94",1987-10-01,1987,10,4.3741935483871,4.3741935483871,3.98985969628323,4.12290322580645,0.000419354838709677,0,0,0.0116756161290323,-0.145138500490968,0.000419354838709677
"95",1987-11-01,1987,11,2.16463333333333,2.16463333333333,1.63503333333333,1.78133333333333,0,NA,0,0,-0.1463,0
"96",1987-12-01,1987,12,1.31796774193548,1.31796774193548,1.28827096774194,1.38387096774194,0,NA,0,0,-0.0956,0
"97",1988-01-01,1988,1,1.18032258064516,1.18032258064516,1.42988387096774,1.52548387096774,0,NA,0,0,-0.0956,0
"98",1988-02-01,1988,2,1.49103448275862,1.49103448275862,1.4914416834712,1.58413793103448,0.000310344827586207,NA,0.00220615254097063,0.00220615254097063,-0.0952127449318359,0.00251649736855684
"99",1988-03-01,1988,3,1.79322580645161,1.79322580645161,1.56691224903691,1.56838709677419,0.0194516129032258,0,0,0.0505188351156281,-0.0714452957561329,0.0194516129032258
"100",1988-04-01,1988,4,3.11633333333333,3.11633333333333,3.68064154661067,3.63766666666667,0.0166,0,0,0.12672862,-0.100353740056,0.0166
"101",1988-05-01,1988,5,10.6641935483871,10.6641935483871,11.6372215379071,11.6454838709677,0.00458064516129032,0,0,0.120770625806452,-0.133613604028387,0.00458064516129032
"102",1988-06-01,1988,6,6.32133333333333,6.32133333333333,6.52215416680667,6.63966666666667,0.000266666666666667,0,0,0.0277821866666667,-0.145561353193333,0.000266666666666667
"103",1988-07-01,1988,7,5.96935483870968,5.96935483870968,6.56144193548387,6.70774193548387,0,0,0,0,-0.1463,0
"104",1988-08-01,1988,8,6.57838709677419,6.57838709677419,6.83563548387097,6.98193548387097,0,0,0,0,-0.1463,0
"105",1988-09-01,1988,9,4.12266666666667,4.12266666666667,4.09836666666667,4.24466666666667,0,0,0,0,-0.1463,0
"106",1988-10-01,1988,10,2.75696774193548,2.75696774193548,2.43563548387097,2.58193548387097,0,0,0,0,-0.1463,0
"107",1988-11-01,1988,11,1.70376666666667,1.70376666666667,1.42303333333333,1.56933333333333,0,NA,0,0,-0.1463,0
"108",1988-12-01,1988,12,1.70903225806452,1.70903225806452,1.59149677419355,1.68709677419355,0,NA,0,0,-0.0956,0
"109",1989-01-01,1989,1,1.52032258064516,1.52032258064516,1.66504516129032,1.76064516129032,0,NA,0,0,-0.0956,0
"110",1989-02-01,1989,2,1.49892857142857,1.49892857142857,1.61797142857143,1.71357142857143,0,NA,0,0,-0.0956,0
"111",1989-03-01,1989,3,2.06483870967742,2.06483870967742,2.22603228484872,2.01,0.115193548387097,0,0,0.0700126631969926,0.0308260732646258,0.115193548387097
"112",1989-04-01,1989,4,4.389,4.389,4.81280982457533,4.50033333333333,0.0800333333333333,0,0,0.158172523333333,0.0742706345753333,0.0800333333333333
"113",1989-05-01,1989,5,12.2848387096774,12.2848387096774,13.6925685857548,13.6645161290323,0.0130967741935484,0,0,0.124992070967742,-0.11003638843871,0.0130967741935484
"114",1989-06-01,1989,6,12.7333333333333,12.7333333333333,14.46346352357,14.43,0.0143666666666667,0,0,0.125621556666667,-0.106524699763333,0.0143666666666667
"115",1989-07-01,1989,7,11.308064516129,11.308064516129,14.1290368774271,14.0903225806452,0.0156129032258065,0,0,0.126239316129032,-0.103137922572903,0.0156129032258065
"116",1989-08-01,1989,8,8.85903225806452,8.85903225806452,9.24208709677419,9.38838709677419,0,0,0,0,-0.1463,0
"117",1989-09-01,1989,9,3.5674,3.5674,3.44393333333333,3.59023333333333,0,0,0,0,-0.1463,0
"118",1989-10-01,1989,10,5.77225806451613,5.77225806451613,5.32821612903226,5.47451612903226,0,0,0,0,-0.1463,0
"119",1989-11-01,1989,11,1.6819,1.6819,1.59245885468067,1.73466666666667,3.33333333333333e-05,NA,0.00396652333333333,0.00396652333333333,-0.146207668652667,0.00399985666666667
"120",1989-12-01,1989,12,1.58483870967742,1.58483870967742,1.57730322580645,1.67290322580645,0,NA,0,0,-0.0956,0
"121",1990-01-01,1990,1,1.59032258064516,1.59032258064516,1.50117419354839,1.59677419354839,0,NA,0,0,-0.0956,0
"122",1990-02-01,1990,2,0.940571428571429,0.940571428571429,0.840828571428571,0.936428571428571,0,NA,0,0,-0.0956,0
"123",1990-03-01,1990,3,2.69806451612903,2.69806451612903,2.24879210003575,1.49225806451613,0.334741935483871,0.346516129032258,0.346516129032258,0.164766548036062,0.257025551999692,0.681258064516129
"124",1990-04-01,1990,4,4.01766666666667,4.01766666666667,4.03062632172067,3.89466666666667,0.0384333333333333,0.0253333333333333,0.0253333333333333,0.137551403333333,-0.0400250816126667,0.0637666666666667
"125",1990-05-01,1990,5,12.0612903225806,12.0612903225806,11.8269415523065,11.8064516129032,0.0113225806451613,0,0,0.124112603225806,-0.114945244467742,0.0113225806451613
"126",1990-06-01,1990,6,12.4633333333333,12.4633333333333,12.4474186403273,12.4233333333333,0.0121666666666667,0,0,0.124531016666667,-0.112612376339333,0.0121666666666667
"127",1990-07-01,1990,7,10.4109677419355,10.4109677419355,10.5136250791639,10.5774193548387,0.00141935483870968,0,0,0.0771551870967742,-0.142368817610323,0.00141935483870968
"128",1990-08-01,1990,8,6.82645161290323,6.82645161290323,6.60487110415742,6.72548387096774,0.000645161290322581,0,0,0.0232552903225806,-0.144513218423226,0.000645161290322581
"129",1990-09-01,1990,9,6.43466666666667,6.43466666666667,6.111792188014,6.254,3.33333333333333e-05,0,0,0.00396652333333333,-0.146207668652667,3.33333333333333e-05
"130",1990-10-01,1990,10,2.58070967741935,2.58070967741935,2.3620457730929,2.45290322580645,0.000451612903225806,0,0,0.0537399935483871,-0.145049059165161,0.000451612903225806
"131",1990-11-01,1990,11,1.3286,1.3286,1.299792188014,1.442,3.33333333333333e-05,NA,0.00396652333333333,0.00396652333333333,-0.146207668652667,0.00399985666666667
"132",1990-12-01,1990,12,1.19064516129032,1.19064516129032,1.26665806451613,1.36225806451613,0,NA,0,0,-0.0956,0
"133",1991-01-01,1991,1,1.09725806451613,1.09725806451613,1.31730322580645,1.41290322580645,0,NA,0,0,-0.0956,0
"134",1991-02-01,1991,2,1.78714285714286,1.78714285714286,1.63180418974622,1.71321428571429,0.00135714285714286,NA,0.0111395504855982,0.0111395504855982,-0.0939067893108114,0.0124966933427411
"135",1991-03-01,1991,3,2.12290322580645,2.12290322580645,2.30130895652748,2.13548387096774,0.084741935483871,0.000354838709677419,0.000354838709677419,0.0764957194765572,0.0045874305993071,0.0850967741935484
"136",1991-04-01,1991,4,5.056,5.056,5.66167782138067,5.50866666666667,0.0424333333333333,0,0,0.139534203333333,-0.0289563819526667,0.0424333333333333
"137",1991-05-01,1991,5,8.50187096774193,8.50187096774193,8.11618811911806,7.80167741935484,0.0804838709677419,0,0,0.15839585483871,0.0756309739567742,0.0804838709677419
"138",1991-06-01,1991,6,10.0543333333333,10.0543333333333,10.550119376752,8.707,0.443933333333333,0,0,0.338557753333333,1.06062829008533,0.443933333333333
"139",1991-07-01,1991,7,4.66741935483871,4.66741935483871,5.97882773968129,3.81225806451613,0.526838709677419,0.260677419354839,0.260677419354839,0.379653948387097,1.26007701710065,0.787516129032258
"140",1991-08-01,1991,8,4.71258064516129,4.71258064516129,5.54412806075742,5.56064516129032,0.00264516129032258,0.00390322580645161,0.00390322580645161,0.119811206451613,-0.138973468274839,0.00654838709677419
"141",1991-09-01,1991,9,4.88166666666667,4.88166666666667,4.727868546632,4.746,0.00226666666666667,0,0,0.119623586666667,-0.140021706701333,0.00226666666666667
"142",1991-10-01,1991,10,2.60067741935484,2.60067741935484,2.49779667249355,2.50096774193548,0.0057741935483871,0,0,0.121362267741935,-0.130307530732258,0.0057741935483871
"143",1991-11-01,1991,11,1.286,1.286,1.30477010189,1.432,0.000766666666666667,NA,0.0161800366666667,0.0161800366666667,-0.144176601443333,0.0169467033333333
"144",1991-12-01,1991,12,1.16193548387097,1.16193548387097,1.3644,1.46,0,NA,0,0,-0.0956,0
"145",1992-01-01,1992,1,1.36741935483871,1.36741935483871,1.53052903225806,1.62612903225806,0,NA,0,0,-0.0956,0
"146",1992-02-01,1992,2,1.63206896551724,1.63206896551724,1.84128224158222,1.6048275862069,0.205172413793103,0,0,0.0604260457115751,-0.0291438041293544,0.205172413793103
"147",1992-03-01,1992,3,3.17170967741935,3.17170967741935,2.40679023428955,1.58032258064516,0.44858064516129,0.502129032258064,0.502129032258064,0.165141793085149,0.212745215397954,0.950709677419355
"148",1992-04-01,1992,4,2.66866666666667,2.66866666666667,2.65958803707,2.594,0.0219,0.0888666666666667,0.0888666666666667,0.12935583,-0.08566779293,0.110766666666667
"149",1992-05-01,1992,5,7.39096774193548,7.39096774193548,7.32628208030452,7.31225806451613,0.00980645161290323,0.000612903225806452,0.000612903225806452,0.123361058064516,-0.119143493889032,0.0104193548387097
"150",1992-06-01,1992,6,9.07333333333333,9.07333333333333,8.94758212355333,8.99333333333333,0.0032,1e-04,1e-04,0.08848624,-0.13743744978,0.0033
"151",1992-07-01,1992,7,7.58096774193548,7.58096774193548,7.63679263086968,7.73774193548387,0.000774193548387097,0,0,0.0424321548387097,-0.14415565300129,0.000774193548387097
"152",1992-08-01,1992,8,6.47,6.47,5.97757096774194,6.12387096774194,0,0,0,0,-0.1463,0
"153",1992-09-01,1992,9,3.77233333333333,3.77233333333333,3.432088315348,3.447,0.0058,0,0,0.10952506,-0.130236744652,0.0058
"154",1992-10-01,1992,10,1.78064516129032,1.78064516129032,1.77987448384065,1.77451612903226,0.0077741935483871,0,0,0.122353667741935,-0.124769506481935,0.0077741935483871
"155",1992-11-01,1992,11,2.29833333333333,2.29833333333333,2.34820316909933,2.48333333333333,0.000766666666666667,NA,0.00828003666666667,0.00828003666666667,-0.144176867567333,0.00904670333333333
"156",1992-12-01,1992,12,1.3658064516129,1.3658064516129,1.5085935483871,1.6041935483871,0,NA,0,0,-0.0956,0
"157",1993-01-01,1993,1,1.23161290322581,1.23161290322581,1.44536774193548,1.54096774193548,0,NA,0,0,-0.0956,0
"158",1993-02-01,1993,2,1.275,1.275,1.392262299516,1.46035714285714,0.00275,NA,0.0213227978904903,0.0213227978904903,-0.0921676412316329,0.0240727978904903
"159",1993-03-01,1993,3,1.26032258064516,1.26032258064516,1.897885301766,1.48322580645161,0.177709677419355,0.0293548387096774,0.0293548387096774,0.126779824370999,0.11016999352403,0.207064516129032
"160",1993-04-01,1993,4,4.89733333333333,4.89733333333333,5.13445156127933,5.01433333333333,0.0347,0.0290333333333333,0.0290333333333333,0.13570079,-0.050282562054,0.0637333333333333
"161",1993-05-01,1993,5,9.6001935483871,9.6001935483871,9.73050328555613,9.71703225806452,0.00967741935483871,0,0,0.123297096774194,-0.119503488637419,0.00967741935483871
"162",1993-06-01,1993,6,10.5953333333333,10.5953333333333,10.7299051266493,10.7833333333333,0.0014,0,0,0.08759398,-0.142422186684,0.0014
"163",1993-07-01,1993,7,5.01741935483871,5.01741935483871,4.93675749566,4.86709677419355,0.0228709677419355,0,0,0.129837138709677,-0.0830473849851613,0.0228709677419355
"164",1993-08-01,1993,8,3.7558064516129,3.7558064516129,3.5061172507729,3.34290322580645,0.0466451612903226,0.122290322580645,0.122290322580645,0.13397684516129,-0.0174079814851613,0.168935483870968
"165",1993-09-01,1993,9,2.978,2.978,2.90242609682867,2.79566666666667,0.0315666666666667,0.0188666666666667,0.0188666666666667,0.134147596666667,-0.0589548331713333,0.0504333333333333
"166",1993-10-01,1993,10,2.37129032258064,2.37129032258064,2.44755031597548,2.40161290322581,0.0172903225806452,0.00032258064516129,0.00032258064516129,0.127070812903226,-0.0984237227341936,0.0176129032258065
"167",1993-11-01,1993,11,1.98606666666667,1.98606666666667,1.89594202710667,2.02666666666667,0.0018,0,0,0.00879226,-0.14131689956,0.0018
"168",1993-12-01,1993,12,1.72409677419355,1.72409677419355,1.51898064516129,1.61458064516129,0,NA,0,0,-0.0956,0
"169",1994-01-01,1994,1,1.35741935483871,1.35741935483871,1.3744,1.47,0,NA,0,0,-0.0956,0
"170",1994-02-01,1994,2,1.30357142857143,1.30357142857143,1.40797142857143,1.50357142857143,0,NA,0,0,-0.0956,0
"171",1994-03-01,1994,3,10.1648387096774,10.1648387096774,2.64550843850155,0.144064516129032,2.66045161290323,0.919451612903226,0.919451612903226,0.342349132656076,-0.501356823186784,3.57990322580645
"172",1994-04-01,1994,4,2.1284,2.1284,0.814086493651333,0.0430333333333333,0.188033333333333,0.385666666666667,0.385666666666667,0.211708123333333,0.371311703651333,0.5737
"173",1994-05-01,1994,5,0.597354838709677,0.597354838709677,0.335547401322581,0.182967741935484,0.0423225806451613,0.0259032258064516,0.0259032258064516,0.139479303225806,-0.029222224483871,0.0682258064516129
"174",1994-06-01,1994,6,3.369,3.369,3.338930810982,3.312,0.0128333333333333,0.0135666666666667,0.0135666666666667,0.124861483333333,-0.110764005684667,0.0264
"175",1994-07-01,1994,7,3.0358064516129,3.0358064516129,3.47623141011161,3.52967741935484,0.00474193548387097,0.00738709677419355,0.00738709677419355,0.0749796096774194,-0.133167554404516,0.0121290322580645
"176",1994-08-01,1994,8,3.8141935483871,3.8141935483871,4.00368323217355,4.13645161290323,0.000483870967741935,0,0,0.0117075967741935,-0.144959848471613,0.000483870967741935
"177",1994-09-01,1994,9,3.36966666666667,3.36966666666667,3.35962496056,3.476,0.000533333333333333,0,0,0.0279143733333333,-0.144822746106667,0.000533333333333333
"178",1994-10-01,1994,10,2.25903225806452,2.25903225806452,2.22386337524645,2.22387096774194,0.00651612903225806,0,0,0.12173004516129,-0.128253766689032,0.00651612903225806
"179",1994-11-01,1994,11,1.39933333333333,1.39933333333333,1.42069423368333,1.56233333333333,0.000166666666666667,NA,0.00403261666666667,0.00403261666666667,-0.145838382983333,0.00419928333333333
"180",1994-12-01,1994,12,1.24354838709677,1.24354838709677,1.2802064516129,1.3758064516129,0,NA,0,0,-0.0956,0
"181",1995-01-01,1995,1,1.455,1.2958064516129,1.27569032258065,1.37129032258065,0,NA,0,0,-0.0956,0
"182",1995-02-01,1995,2,1.5915,1.5915,1.50618571428571,1.60178571428571,0,NA,0,0,-0.0956,0
"183",1995-03-01,1995,3,2.13806451612903,2.13806451612903,1.89318379198982,1.85645161290323,0.0326129032258064,0.00448387096774194,0.00448387096774194,0.059461333540031,-0.0553420576792477,0.0370967741935484
"184",1995-04-01,1995,4,3.846,3.846,3.818652883908,3.766,0.0188666666666667,0.00286666666666667,0.00286666666666667,0.127852206666667,-0.0940659894253333,0.0217333333333333
"185",1995-05-01,1995,5,4.24967741935484,4.24967741935484,5.55315714480064,5.4641935483871,0.0273870967741935,0,0,0.132075783870968,-0.0704992842316129,0.0273870967741935
"186",1995-06-01,1995,6,7.964,7.964,8.544373495754,8.543,0.00776666666666667,0,0,0.118399936666667,-0.124793107579333,0.00776666666666667
"187",1995-07-01,1995,7,6.06548387096774,6.06548387096774,6.71848377165355,6.85290322580645,9.67741935483871e-05,0,0,0.0115157129032258,-0.146031941249677,9.67741935483871e-05
"188",1995-08-01,1995,8,4.44129032258065,4.44129032258065,4.82318913001806,4.87677419354839,0.00470967741935484,0,0,0.0749636193548387,-0.133258360304516,0.00470967741935484
"189",1995-09-01,1995,9,1.8113,1.8113,1.911533832984,1.9497,0.0022,0,0,0.09984054,-0.140206707016,0.0022
"190",1995-10-01,1995,10,1.53064516129032,1.53064516129032,1.81166215030323,1.81387096774194,0.006,0,0,0.1214742,-0.12968301743871,0.006
"191",1995-11-01,1995,11,NA,1.50635027536333,1.50635027536333,1.64233333333333,0.000566666666666667,NA,0.00818089666666667,0.00818089666666667,-0.144730621303333,0.00874756333333333
"192",1995-12-01,1995,12,NA,1.3844,1.3844,1.48,0,NA,0,0,-0.0956,0
"193",1996-01-01,1996,1,NA,1.15891612903226,1.15891612903226,1.25451612903226,0,NA,0,0,-0.0956,0
"194",1996-02-01,1996,2,NA,1.20492075473115,1.20492075473115,1.29620689655172,0.000310344827586207,NA,0.00361602848041064,0.00361602848041064,-0.0952125151285752,0.00392637330799685
"195",1996-03-01,1996,3,NA,3.14403119380288,3.14403119380288,1.2758064516129,1.7841935483871,0.286645161290323,0.286645161290323,0.264637773628394,-0.180606579825517,2.07083870967742
"196",1996-04-01,1996,4,NA,8.21197465601267,8.21197465601267,0.207866666666667,2.09156666666667,0.851766666666667,0.851766666666667,1.15528959666667,4.75725172601267,2.94333333333333
"197",1996-05-01,1996,5,NA,0.835031605229677,0.835031605229677,0.0643870967741935,0.187870967741935,0.126387096774194,0.126387096774194,0.211627638709677,0.371145902003871,0.314258064516129
"198",1996-06-01,1996,6,NA,6.17738892776267,6.17738892776267,1.59806666666667,1.15246666666667,0.0478666666666667,0.0478666666666667,0.689777726666667,2.73707786776267,1.20033333333333
"199",1996-07-01,1996,7,NA,4.60916358284064,4.60916358284064,3.57977419354839,0.250225806451613,0.00754838709677419,0.00754838709677419,0.242536932258064,0.536626650582581,0.257774193548387
"200",1996-08-01,1996,8,NA,4.2423357596671,4.2423357596671,4.25387096774194,0.00470967741935484,0,0,0.117012006451613,-0.133256891945806,0.00470967741935484
"201",1996-09-01,1996,9,NA,3.43404272121,3.43404272121,3.446,0.00556666666666667,0,0,0.113359396666667,-0.130883342123333,0.00556666666666667
"202",1996-10-01,1996,10,NA,2.83222758503419,2.83222758503419,2.82741935483871,0.00764516129032258,0,0,0.122289706451613,-0.125126637546452,0.00764516129032258
"203",1996-11-01,1996,11,NA,1.14336666666667,1.14336666666667,1.28966666666667,0,0,0,0,-0.1463,0
"204",1996-12-01,1996,12,NA,0.927174193548387,0.927174193548387,1.02277419354839,0,NA,0,0,-0.0956,0
"205",1997-01-01,1997,1,NA,0.831690322580645,0.831690322580645,0.927290322580645,0,NA,0,0,-0.0956,0
"206",1997-02-01,1997,2,NA,0.876435714285714,0.876435714285714,0.972035714285714,0,NA,0,0,-0.0956,0
"207",1997-03-01,1997,3,NA,6.56314322322591,6.56314322322591,1.66483870967742,2.98761290322581,0.0893870967741936,0.0893870967741936,0.236675777652795,1.67401583266989,3.077
"208",1997-04-01,1997,4,NA,15.023224376986,15.023224376986,0.1849,4.44663333333333,1.86823333333333,1.86823333333333,2.32269614333333,8.06899490031933,6.31486666666667
"209",1997-05-01,1997,5,NA,1.55103048750065,1.55103048750065,1.21445161290323,0.0855483870967742,0.0977741935483871,0.0977741935483871,0.160906335483871,0.0901241520167742,0.183322580645161
"210",1997-06-01,1997,6,NA,4.28099895419467,4.28099895419467,4.22466666666667,0.0197333333333333,0.00726666666666667,0.00726666666666667,0.128281813333333,-0.0916828591386667,0.027
"211",1997-07-01,1997,7,NA,3.9409381533271,3.9409381533271,3.92870967741935,0.00938709677419355,0,0,0.123153183870968,-0.120311804737419,0.00938709677419355
"212",1997-08-01,1997,8,NA,6.10741058645484,6.10741058645484,6.19290322580645,0.00170967741935484,0,0,0.0543636161290323,-0.1415659329,0.00170967741935484
"213",1997-09-01,1997,9,NA,3.19477131935267,3.19477131935267,3.27036666666667,0.000833333333333333,0,0,0.0675630833333333,-0.143991763980667,0.000833333333333333
"214",1997-10-01,1997,10,NA,2.41720348087742,2.41720348087742,2.41225806451613,0.00767741935483871,0,0,0.122305696774194,-0.125037699767742,0.00767741935483871
"215",1997-11-01,1997,11,NA,1.87603333333333,1.87603333333333,2.02233333333333,0,NA,0,0,-0.1463,0
"216",1997-12-01,1997,12,NA,1.87923870967742,1.87923870967742,1.97483870967742,0,NA,0,0,-0.0956,0
"217",1998-01-01,1998,1,NA,1.8502064516129,1.8502064516129,1.9458064516129,0,NA,0,0,-0.0956,0
"218",1998-02-01,1998,2,NA,1.76725714285714,1.76725714285714,1.86285714285714,0,NA,0,0,-0.0956,0
"219",1998-03-01,1998,3,NA,2.3496486521999,2.3496486521999,1.8358064516129,0.291290322580645,0.182548387096774,0.182548387096774,0.101742840800181,0.120809037206173,0.473838709677419
"220",1998-04-01,1998,4,NA,4.77922048578667,4.77922048578667,4.49966666666667,0.0722,0.0886333333333333,0.0886333333333333,0.15428954,0.05306427912,0.160833333333333
"221",1998-05-01,1998,5,NA,8.38035207005161,8.38035207005161,8.28,0.0300645161290323,0,0,0.133402980645161,-0.0631154267225807,0.0300645161290323
"222",1998-06-01,1998,6,NA,8.26395775428067,8.26395775428067,8.14966666666667,0.0333666666666667,0.0442666666666667,0.0442666666666667,0.135039856666667,-0.0541154357193333,0.0776333333333333
"223",1998-07-01,1998,7,NA,4.53180059755355,4.53180059755355,4.44161290322581,0.0285806451612903,0.101451612903226,0.101451612903226,0.12884484516129,-0.0672377959948387,0.130032258064516
"224",1998-08-01,1998,8,NA,4.83207991653613,4.83207991653613,4.87741935483871,0.00216129032258065,0,0,0.0928132870967742,-0.140314015721935,0.00216129032258065
"225",1998-09-01,1998,9,NA,4.856837174996,4.856837174996,4.954,0.00133333333333333,0,0,0.0441109333333333,-0.142607091670667,0.00133333333333333
"226",1998-10-01,1998,10,NA,2.0049521462129,2.0049521462129,1.84854838709677,0.0432258064516129,0,0,0.139927032258065,-0.0267490795935484,0.0432258064516129
"227",1998-11-01,1998,11,NA,1.3847,1.3847,1.531,0,NA,0,0,-0.1463,0
"228",1998-12-01,1998,12,NA,1.41698064516129,1.41698064516129,1.51258064516129,0,NA,0,0,-0.0956,0
"229",1999-01-01,1999,1,NA,1.32698064516129,1.32698064516129,1.42258064516129,0,NA,0,0,-0.0956,0
"230",1999-02-01,1999,2,NA,1.3144,1.3144,1.41,0,NA,0,0,-0.0956,0
"231",1999-03-01,1999,3,NA,4.29827711711607,4.29827711711607,1.3391935483871,3.35412903225806,1.487,1.487,0.350524724709879,-0.745570188238965,4.84112903225806
"232",1999-04-01,1999,4,NA,0.971216822528667,0.971216822528667,0.0566666666666667,0.222233333333333,0.556733333333333,0.556733333333333,0.228661063333333,0.463655759195333,0.778966666666667
"233",1999-05-01,1999,5,NA,0.775646221764516,0.775646221764516,0.139838709677419,0.156096774193548,0.0768387096774194,0.0768387096774194,0.195877170967742,0.283833566925806,0.232935483870968
"234",1999-06-01,1999,6,NA,1.277809745534,1.277809745534,1.1736,0.0309666666666667,0.0646333333333333,0.0646333333333333,0.133850176666667,-0.0606070977993333,0.0956
"235",1999-07-01,1999,7,NA,3.80718650137935,3.80718650137935,3.49709677419355,0.0793548387096774,0.00203225806451613,0.00203225806451613,0.157836193548387,0.0728986949277419,0.0813870967741935
"236",1999-08-01,1999,8,NA,4.09239311637613,4.09239311637613,4.03451612903226,0.0200967741935484,0.00216129032258065,0.00216129032258065,0.128461970967742,-0.0906817578174194,0.022258064516129
"237",1999-09-01,1999,9,NA,4.03239778465467,4.03239778465467,4.05166666666667,0.002,0,0.05979527,0.1194914,-0.140760282012,0.06179527
"238",1999-10-01,1999,10,NA,3.54700461866452,3.54700461866452,3.53903225806452,0.00838709677419355,NA,0.122657483870968,0.122657483870968,-0.123072220045161,0.131044580645161
"239",1999-11-01,1999,11,NA,1.827640270744,1.827640270744,1.968,0.000466666666666667,NA,0.00418132666666667,0.00418132666666667,-0.145007722589333,0.00464799333333333
"240",1999-12-01,1999,12,NA,1.52504516129032,1.52504516129032,1.62064516129032,0,NA,0,0,-0.0956,0
"241",2000-01-01,2000,1,NA,1.44375483870968,1.44375483870968,1.53935483870968,0,NA,0,0,-0.0956,0
"242",2000-02-01,2000,2,NA,1.29749364558306,1.29749364558306,1.38758620689655,0.00103448275862069,NA,0.00318566910508752,0.00318566910508752,-0.0943127131772,0.00422015186370821
"243",2000-03-01,2000,3,NA,1.76099458727101,1.76099458727101,1.59709677419355,0.0749354838709677,0,0,0.0930520039075446,-0.00408967470105161,0.0749354838709677
"244",2000-04-01,2000,4,NA,9.38522387621067,9.38522387621067,9.08466666666667,0.0770666666666667,0.000266666666666667,0.000266666666666667,0.156701946666667,0.0667885962106667,0.0773333333333333
"245",2000-05-01,2000,5,NA,10.0562124041903,10.0562124041903,9.98677419354839,0.0228064516129032,0.000354838709677419,0.000354838709677419,0.129805158064516,-0.0831733990354839,0.0231612903225806
"246",2000-06-01,2000,6,NA,9.29160260112267,9.29160260112267,9.21566666666667,0.0243333333333333,0,0,0.130562033333333,-0.0789594322106667,0.0243333333333333
"247",2000-07-01,2000,7,NA,5.13132804738452,5.13132804738452,3.87603225806452,0.30858064516129,0,0,0.271463425806452,0.675251718352258,0.30858064516129
"248",2000-08-01,2000,8,NA,5.41818975263871,5.41818975263871,5.42645161290323,0.00458064516129032,0,0,0.120770625806452,-0.133613131232258,0.00458064516129032
"249",2000-09-01,2000,9,NA,3.41021980309267,3.41021980309267,3.39466666666667,0.0101666666666667,0,0,0.123539616666667,-0.118153146907333,0.0101666666666667
"250",2000-10-01,2000,10,NA,1.63836151842645,1.63836151842645,1.57193548387097,0.0220967741935484,NA,0.129453370967742,0.129453370967742,-0.0851241106058065,0.15155014516129
"251",2000-11-01,2000,11,NA,1.26296468317133,1.26296468317133,1.38533333333333,0.00283333333333333,NA,0.0132544833333333,0.0132544833333333,-0.138456466828667,0.0160878166666667
"252",2000-12-01,2000,12,NA,1.41278709677419,1.41278709677419,1.50838709677419,0,NA,0,0,-0.0956,0
"253",2001-01-01,2001,1,NA,1.42665806451613,1.42665806451613,1.52225806451613,0,NA,0,0,-0.0956,0
"254",2001-02-01,2001,2,NA,1.35975714285714,1.35975714285714,1.45535714285714,0,NA,0,0,-0.0956,0
"255",2001-03-01,2001,3,NA,2.2622251029461,2.2622251029461,1.41870967741935,0.447096774193548,0,0,0.156903409016081,0.239515242317115,0.447096774193548
"256",2001-04-01,2001,4,NA,1.835956666012,1.835956666012,1.481,0.0898666666666667,0.0954333333333333,0.0954333333333333,0.163046906666667,0.102043092678667,0.1853
"257",2001-05-01,2001,5,NA,5.92076731468258,5.92076731468258,5.90096774193548,0.0111612903225806,0,0,0.124032651612903,-0.115394369188387,0.0111612903225806
"258",2001-06-01,2001,6,NA,10.6788085737127,10.6788085737127,10.6666666666667,0.00936666666666667,0,0,0.123143056666667,-0.120367816287333,0.00936666666666667
"259",2001-07-01,2001,7,NA,10.7567578675987,10.7567578675987,10.7806451612903,0.00270967741935484,0,0,0.112198025806452,-0.138794996917419,0.00270967741935484
"260",2001-08-01,2001,8,NA,7.15916143058194,7.15916143058194,7.28741935483871,0.000645161290322581,0,0,0.0156101290322581,-0.144513214579355,0.000645161290322581
"261",2001-09-01,2001,9,NA,4.0417,4.0417,4.188,0,0,0,0,-0.1463,0
"262",2001-10-01,2001,10,NA,2.83357652168323,2.83357652168323,2.87677419354839,0.000870967741935484,NA,0.099818835483871,0.099818835483871,-0.143887475090968,0.100689803225806
"263",2001-11-01,2001,11,NA,2.64003333333333,2.64003333333333,2.78633333333333,0,NA,0,0,-0.1463,0
"264",2001-12-01,2001,12,NA,2.47762580645161,2.47762580645161,2.57322580645161,0,NA,0,0,-0.0956,0
"265",2002-01-01,2002,1,NA,2.35923870967742,2.35923870967742,2.45483870967742,0,NA,0,0,-0.0956,0
"266",2002-02-01,2002,2,NA,1.71654285714286,1.71654285714286,1.81214285714286,0,NA,0,0,-0.0956,0
"267",2002-03-01,2002,3,NA,1.66862880611312,1.66862880611312,1.72806451612903,0.00435483870967742,0,0,0.0263760722646488,-0.0901666209902387,0.00435483870967742
"268",2002-04-01,2002,4,NA,6.094415874522,6.094415874522,5.923,0.0467666666666667,0,0,0.141682236666667,-0.0170330288113333,0.0467666666666667
"269",2002-05-01,2002,5,NA,10.1750893487865,10.1750893487865,10.1532258064516,0.0116451612903226,0,0,0.124272506451613,-0.114054125407097,0.0116451612903226
"270",2002-06-01,2002,6,NA,11.4269996535207,11.4269996535207,11.3466666666667,0.0253666666666667,0,0,0.131074256666667,-0.0761079364793334,0.0253666666666667
"271",2002-07-01,2002,7,NA,10.7654313411735,10.7654313411735,10.8277419354839,0.000870967741935484,0,0,0.0807059322580645,-0.143887494310323,0.000870967741935484
"272",2002-08-01,2002,8,NA,3.13501321576968,3.13501321576968,2.78322580645161,0.0937741935483871,0,0,0.145870964516129,0.112142251253548,0.0937741935483871
"273",2002-09-01,2002,9,NA,2.13278450759067,2.13278450759067,2.06366666666667,0.0227333333333333,0,0,0.129768913333333,-0.0833844057426667,0.0227333333333333
"274",2002-10-01,2002,10,NA,2.42378802382968,2.42378802382968,2.37290322580645,0.0184516129032258,0,0.119377680645161,0.127646464516129,-0.095213279396129,0.137829293548387
"275",2002-11-01,2002,11,NA,1.80793333333333,1.80793333333333,1.95423333333333,0,NA,0,0,-0.1463,0
"276",2002-12-01,2002,12,NA,1.83214193548387,1.83214193548387,1.92774193548387,0,NA,0,0,-0.0956,0
"277",2003-01-01,2003,1,NA,1.62601290322581,1.62601290322581,1.72161290322581,0,NA,0,0,-0.0956,0
"278",2003-02-01,2003,2,NA,1.66868571428571,1.66868571428571,1.76428571428571,0,NA,0,0,-0.0956,0
"279",2003-03-01,2003,3,NA,2.31644645757043,2.31644645757043,1.1611935483871,0.762,0.566806451612903,0.566806451612903,0.176066815507344,0.217186093675987,1.3288064516129
"280",2003-04-01,2003,4,NA,1.996110387804,1.996110387804,0.0565,0.469866666666667,0.3075,0.3075,0.351412906666667,1.11833081447067,0.777366666666667
"281",2003-05-01,2003,5,NA,3.08696867340194,3.08696867340194,2.95022580645161,0.0386129032258065,0.0248709677419355,0.0248709677419355,0.137640416129032,-0.0395104524045161,0.0634838709677419
"282",2003-06-01,2003,6,NA,8.92577618700067,8.92577618700067,8.93466666666667,0.00443333333333333,0,0,0.120697603333333,-0.134021416332667,0.00443333333333333
"283",2003-07-01,2003,7,NA,8.85275589381097,8.85275589381097,8.91451612903226,0.001,0,0,0.0807698935483871,-0.143530128769677,0.001
"284",2003-08-01,2003,8,NA,8.30563548387097,8.30563548387097,8.45193548387097,0,0,0,0,-0.1463,0
"285",2003-09-01,2003,9,NA,5.385412464672,5.385412464672,5.473,8e-04,0,0,0.05569656,-0.144084095328,8e-04
"286",2003-10-01,2003,10,NA,3.11932148050129,3.11932148050129,3.14258064516129,0.00106451612903226,NA,0.119027680645161,0.119027680645161,-0.143351361434194,0.120092196774194
"287",2003-11-01,2003,11,NA,1.81840208538933,1.81840208538933,1.94833333333333,0.000133333333333333,NA,0.0158660933333333,0.0158660933333333,-0.145930674610667,0.0159994266666667
"288",2003-12-01,2003,12,NA,1.66762580645161,1.66762580645161,1.76322580645161,0,NA,0,0,-0.0956,0
"289",2004-01-01,2004,1,NA,1.78085161290323,1.78085161290323,1.87645161290323,0,NA,0,0,-0.0956,0
"290",2004-02-01,2004,2,NA,2.44646896551724,2.44646896551724,2.54206896551724,0,NA,0,0,-0.0956,0
"291",2004-03-01,2004,3,NA,2.94536161799335,2.94536161799335,2.85290322580645,0.0548064516129032,0.0536129032258065,0.0536129032258065,0.0679440838868578,-0.0302921433128658,0.10841935483871
"292",2004-04-01,2004,4,NA,8.79485076105867,8.79485076105867,8.50366666666667,0.075,0.358633333333333,0.358633333333333,0.1556775,0.060506594392,0.433633333333333
"293",2004-05-01,2004,5,NA,9.71776469201161,9.71776469201161,9.66193548387097,0.0196129032258065,0.00158064516129032,0.00158064516129032,0.128222116129032,-0.0920058112141936,0.0211935483870968
"294",2004-06-01,2004,6,NA,4.611270310624,4.611270310624,4.436,0.0476666666666667,0.0151666666666667,0.0151666666666667,0.142128366666667,-0.0145247227093333,0.0628333333333333
"295",2004-07-01,2004,7,NA,5.46654017770645,5.46654017770645,5.45870967741936,0.00835483870967742,6.45161290322581e-05,6.45161290322581e-05,0.122641493548387,-0.123165831970968,0.00841935483870968
"296",2004-08-01,2004,8,NA,5.63096467660903,5.63096467660903,5.66161290322581,0.00470967741935484,0,0,0.0978991032258064,-0.133257007261935,0.00470967741935484
"297",2004-09-01,2004,9,NA,3.71114924885533,3.71114924885533,3.71833333333333,0.00483333333333333,NA,0.120895883333333,0.120895883333333,-0.132913301144667,0.125729216666667
"298",2004-10-01,2004,10,NA,5.22775871364194,5.22775871364194,5.18774193548387,0.0159032258064516,NA,0.126383229032258,0.126383229032258,-0.102269676680645,0.14228645483871
"299",2004-11-01,2004,11,NA,1.92323288441467,1.92323288441467,2.03866666666667,0.00353333333333333,NA,0.0175514733333333,0.0175514733333333,-0.136518588918667,0.0210848066666667
"300",2004-12-01,2004,12,NA,1.80633548387097,1.80633548387097,1.90193548387097,0,NA,0,0,-0.0956,0
"301",2005-01-01,2005,1,NA,1.70407741935484,1.70407741935484,1.79967741935484,0,NA,0,0,-0.0956,0
"302",2005-02-01,2005,2,NA,1.93545092527107,1.93545092527107,2.01892857142857,0.00175,NA,0.00819031448460587,0.00819031448460587,-0.09341796064211,0.00994031448460587
"303",2005-03-01,2005,3,NA,3.41110438732787,3.41110438732787,1.88070967741935,0.97158064516129,0.0920322580645161,0.0920322580645161,0.219362295206567,0.339451769540657,1.06361290322581
"304",2005-04-01,2005,4,NA,1.74021265774667,1.74021265774667,0.881366666666667,0.209466666666667,0.761566666666667,0.761566666666667,0.222332626666667,0.427046697746667,0.971033333333333
"305",2005-05-01,2005,5,NA,3.88362804340194,3.88362804340194,3.77516129032258,0.0319677419354839,0.0192258064516129,0.0192258064516129,0.134346409677419,-0.0578473985335484,0.0511935483870968
"306",2005-06-01,2005,6,NA,4.73111602477867,4.73111602477867,4.28166666666667,0.112933333333333,0.0221,0.0221,0.174481053333333,0.162034971445333,0.135033333333333
"307",2005-07-01,2005,7,NA,4.43983750464323,4.43983750464323,4.29870967741935,0.0396451612903226,0.0182903225806452,0.0182903225806452,0.138152106451613,-0.0366694405180645,0.0579354838709677
"308",2005-08-01,2005,8,NA,4.72453137622645,4.72453137622645,4.73870967741935,0.00319354838709677,0,0,0.120083041935484,-0.137454891515484,0.00319354838709677
"309",2005-09-01,2005,9,NA,3.36867833557733,3.36867833557733,3.34133333333333,0.0129333333333333,0,0.0968810166666667,0.124911053333333,-0.110499384422667,0.10981435
"310",2005-10-01,2005,10,NA,2.36182766041097,2.36182766041097,2.33225806451613,0.0134516129032258,NA,0.125167964516129,0.125167964516129,-0.109049981524516,0.138619577419355
"311",2005-11-01,2005,11,NA,0.981666666666667,0.981666666666667,1.12796666666667,0,NA,0,0,-0.1463,0
"312",2005-12-01,2005,12,NA,1.45923870967742,1.45923870967742,1.55483870967742,0,NA,0,0,-0.0956,0
"313",2006-01-01,2006,1,NA,1.41536774193548,1.41536774193548,1.51096774193548,0,NA,0,0,-0.0956,0
"314",2006-02-01,2006,2,NA,1.41883356405054,1.41883356405054,1.47571428571429,0.00682142857142857,NA,0.0234057764852489,0.0234057764852489,-0.0871079267204214,0.0302272050566775
"315",2006-03-01,2006,3,NA,2.07798952745346,2.07798952745346,1.48225806451613,0.691258064516129,0.0604516129032258,0.0604516129032258,0.11225106977161,-0.207777671350404,0.751709677419355
"316",2006-04-01,2006,4,NA,7.95735769436467,7.95735769436467,0.548366666666667,2.0559,2.20433333333333,2.20433333333333,1.13760963,4.215481397698,4.26023333333333
"317",2006-05-01,2006,5,NA,3.03296039831226,3.03296039831226,2.89216129032258,0.0395483870967742,0.117258064516129,0.117258064516129,0.138104135483871,-0.0368534145909678,0.156806451612903
"318",2006-06-01,2006,6,NA,4.15231719042133,4.15231719042133,3.90433333333333,0.0647333333333333,0.2163,0.2163,0.150588313333333,0.0326622104213333,0.281033333333333
"319",2006-07-01,2006,7,NA,4.01653013395742,4.01653013395742,3.99838709677419,0.0107741935483871,0.0458064516129032,0.0458064516129032,0.123840767741935,-0.116471924107097,0.0565806451612903
"320",2006-08-01,2006,8,NA,3.85523348087419,3.85523348087419,3.87161290322581,0.00267741935483871,0,0,0.119827196774194,-0.138884038480645,0.00267741935483871
"321",2006-09-01,2006,9,NA,2.967246889398,2.967246889398,2.975,0.0047,0,0.0650506133333333,0.12082979,-0.133282900602,0.0697506133333333
"322",2006-10-01,2006,10,NA,2.33282104735677,2.33282104735677,2.30022580645161,0.0141612903225806,NA,0.125519751612903,0.125519751612903,-0.107085801030323,0.139681041935484
"323",2006-11-01,2006,11,NA,0.696136884308,0.696136884308,0.8031,0.00366666666666667,NA,0.0255175666666667,0.0255175666666667,-0.136147349025333,0.0291842333333333
"324",2006-12-01,2006,12,NA,1.53181935483871,1.53181935483871,1.62741935483871,0,NA,0,0,-0.0956,0
"325",2007-01-01,2007,1,NA,1.45923870967742,1.45923870967742,1.55483870967742,0,NA,0,0,-0.0956,0
"326",2007-02-01,2007,2,NA,1.43609271851692,1.43609271851692,1.53,0.000107142857142857,NA,0.00145178669410251,0.00145178669410251,-0.09546621103433,0.00155892955124537
"327",2007-03-01,2007,3,NA,3.31993373481287,3.31993373481287,1.55870967741935,1.54364516129032,1.39245161290323,1.39245161290323,0.260095528240349,-0.042516632137152,2.93609677419355
"328",2007-04-01,2007,4,NA,0.745795351328,0.745795351328,0.3364,0.1028,0.442333333333333,0.442333333333333,0.16945796,0.137137391328,0.545133333333333
"329",2007-05-01,2007,5,NA,2.90574847249935,2.90574847249935,2.89612903225806,0.0087741935483871,0.00612903225806452,0.00612903225806452,0.122849367741935,-0.122004121049032,0.0149032258064516
"330",2007-06-01,2007,6,NA,3.55998628759733,3.55998628759733,3.56333333333333,0.00573333333333333,0.000433333333333333,0.000433333333333333,0.121342013333333,-0.130422392402667,0.00616666666666667
"331",2007-07-01,2007,7,NA,3.6361042653671,3.6361042653671,3.64258064516129,0.005,0,0,0.1209785,-0.132454879794194,0.005
"332",2007-08-01,2007,8,NA,6.12034826304452,6.12034826304452,6.12709677419355,0.00493548387096774,0,0,0.120946519354839,-0.132630514374839,0.00493548387096774
"333",2007-09-01,2007,9,NA,2.84945738201333,2.84945738201333,2.86133333333333,0.00373333333333333,0,0,0.120350613333333,-0.135959897986667,0.00373333333333333
"334",2007-10-01,2007,10,NA,2.00214984312968,2.00214984312968,2.01935483870968,0.00248387096774194,0,0,0.11973125483871,-0.139420121386452,0.00248387096774194
"335",2007-11-01,2007,11,NA,1.8497,1.8497,1.996,0,NA,0,0,-0.1463,0
"336",2007-12-01,2007,12,NA,1.73827096774194,1.73827096774194,1.83387096774194,0,NA,0,0,-0.0956,0
"337",2008-01-01,2008,1,NA,1.64665806451613,1.64665806451613,1.74225806451613,0,NA,0,0,-0.0956,0
"338",2008-02-01,2008,2,NA,1.79092284602141,1.79092284602141,1.88413793103448,0.000206896551724138,NA,0.00191973001071335,0.00191973001071335,-0.0953417115755145,0.00212662656243749
"339",2008-03-01,2008,3,NA,2.01160592589375,2.01160592589375,2.00903225806452,0.0251612903225806,NA,0.0423520862323765,0.0423520862323765,-0.0649397087257264,0.0675133765549571
"340",2008-04-01,2008,4,NA,5.54507249106467,5.54507249106467,5.14466666666667,0.100566666666667,NA,0.168350896666667,0.168350896666667,0.131488261064667,0.268917563333333
"341",2008-05-01,2008,5,NA,8.22467696206774,8.22467696206774,8.19483870967742,0.0135161290322581,NA,0.12519994516129,0.12519994516129,-0.108877821803226,0.138716074193548
"342",2008-06-01,2008,6,NA,11.041862492046,11.041862492046,11.03,0.0093,NA,0.12311001,0.12311001,-0.120547517954,0.13241001
"343",2008-07-01,2008,7,NA,9.27504370734129,9.27504370734129,9.29032258064516,0.00293548387096774,NA,0.119955119354839,0.119955119354839,-0.138169476529677,0.122890603225806
"344",2008-08-01,2008,8,NA,4.83006919564387,4.83006919564387,4.8358064516129,0.00696774193548387,NA,0.114308748387097,0.114308748387097,-0.127013746291613,0.121276490322581
"345",2008-09-01,2008,9,NA,3.11220189585333,3.11220189585333,3.13033333333333,0.00226666666666667,NA,0.119623586666667,0.119623586666667,-0.140021690813333,0.121890253333333
"346",2008-10-01,2008,10,NA,2.29095995189935,2.29095995189935,2.27225806451613,0.0109032258064516,NA,0.123904729032258,0.123904729032258,-0.116106067455484,0.13480795483871
"347",2008-11-01,2008,11,NA,3.180530799668,3.180530799668,3.311,0.000933333333333333,NA,0.0123126533333333,0.0123126533333333,-0.143715186998667,0.0132459866666667
"348",2008-12-01,2008,12,NA,2.92794838709677,2.92794838709677,3.02354838709677,0,NA,0,0,-0.0956,0
"349",2009-01-01,2009,1,NA,1.09536774193548,1.09536774193548,1.19096774193548,0,NA,0,0,-0.0956,0
"350",2009-02-01,2009,2,NA,1.25404285714286,1.25404285714286,1.34964285714286,0,NA,0,0,-0.0956,0
"351",2009-03-01,2009,3,NA,1.44590867669157,1.44590867669157,1.50225806451613,0.00609677419354839,NA,0.0255787616258606,0.0255787616258606,-0.0880249236439729,0.031675535819409
"352",2009-04-01,2009,4,NA,6.326929047028,6.326929047028,3.412,0.710933333333333,NA,0.470909653333333,0.470909653333333,1.73308606036133,1.18184298666667
"353",2009-05-01,2009,5,NA,8.77518116412581,8.77518116412581,8.65129032258064,0.0355806451612903,NA,0.136137325806452,0.136137325806452,-0.0478271294225807,0.171717970967742
"354",2009-06-01,2009,6,NA,4.69651794634733,4.69651794634733,4.66333333333333,0.0143,NA,0.12558851,0.12558851,-0.106703896986,0.13988851
"355",2009-07-01,2009,7,NA,5.53241450374129,5.53241450374129,5.51935483870968,0.00958064516129032,NA,0.123249125806452,0.123249125806452,-0.119770105936129,0.132829770967742
"356",2009-08-01,2009,8,NA,4.51852404520581,4.51852404520581,4.49225806451613,0.0126774193548387,NA,0.124784196774194,0.124784196774194,-0.111195635439355,0.137461616129032
"357",2009-09-01,2009,9,NA,3.32287041191867,3.32287041191867,3.32166666666667,0.0068,NA,0.12187076,0.12187076,-0.127467014748,0.12867076
"358",2009-10-01,2009,10,NA,2.31043924198323,2.31043924198323,2.25322580645161,0.0199354838709677,NA,0.128382019354839,0.128382019354839,-0.0911040676941936,0.148317503225806
"359",2009-11-01,2009,11,NA,1.3387,1.3387,1.485,0,NA,0,0,-0.1463,0
"360",2009-12-01,2009,12,NA,1.92665806451613,1.92665806451613,2.02225806451613,0,NA,0,0,-0.0956,0
"361",2010-01-01,2010,1,NA,1.65472258064516,1.65472258064516,1.75032258064516,0,NA,0,0,-0.0956,0
"362",2010-02-01,2010,2,NA,1.61332857142857,1.61332857142857,1.70892857142857,0,NA,0,0,-0.0956,0
"363",2010-03-01,2010,3,NA,2.45833648202752,2.45833648202752,1.15364516129032,0.712322580645161,NA,0.190225957730336,0.190225957730336,0.402142782361701,0.902548538375497
"364",2010-04-01,2010,4,NA,6.71163360829067,6.71163360829067,6.20356666666667,0.125933333333333,NA,0.180925153333333,0.180925153333333,0.201208454957333,0.306858486666667
"365",2010-05-01,2010,5,NA,7.93085628589613,7.93085628589613,6.44132258064516,0.360096774193548,NA,0.296999970967742,0.296999970967742,0.832436960089677,0.65709674516129
"366",2010-06-01,2010,6,NA,8.47273982452133,8.47273982452133,0.978833333333333,1.93773333333333,NA,1.07903441333333,1.07903441333333,4.47713874452133,3.01676774666667
"367",2010-07-01,2010,7,NA,4.67818824774323,4.67818824774323,3.81,0.211096774193548,NA,0.223140670967742,0.223140670967742,0.433950802581935,0.43423744516129
"368",2010-08-01,2010,8,NA,4.51004689769935,4.51004689769935,4.39838709677419,0.0327096774193548,NA,0.134714187096774,0.134714187096774,-0.0557640635909677,0.167423864516129
"369",2010-09-01,2010,9,NA,2.005430474624,2.005430474624,1.6162,0.098,NA,0.1670786,0.1670786,0.124151874624,0.2650786
"370",2010-10-01,2010,10,NA,2.04204003130194,2.04204003130194,1.91003225806452,0.0374838709677419,NA,0.13708075483871,0.13708075483871,-0.0425568525690323,0.174564625806452
"371",2010-11-01,2010,11,NA,1.83337488296133,1.83337488296133,1.93233333333333,0.0074,NA,0.01946818,0.01946818,-0.125826630372,0.02686818
"372",2010-12-01,2010,12,NA,1.99794838709677,1.99794838709677,2.09354838709677,0,NA,0,0,-0.0956,0
"373",2011-01-01,2011,1,NA,1.48246451612903,1.48246451612903,1.57806451612903,0,NA,0,0,-0.0956,0
"374",2011-02-01,2011,2,NA,1.06511428571429,1.06511428571429,1.16071428571429,0,NA,0,0,-0.0956,0
"375",2011-03-01,2011,3,NA,0.997971914609447,0.997971914609447,1.03987096774194,0.00980645161290323,NA,0.0317071464517441,0.0317071464517441,-0.0834126511971355,0.0415135980646474
"376",2011-04-01,2011,4,NA,18.8889441394393,18.8889441394393,0.320733333333333,5.4403,NA,2.81525671,2.81525671,10.312654096106,8.25555671
"377",2011-05-01,2011,5,NA,0.391583906230968,0.391583906230968,0.0398709677419355,0.0890967741935484,NA,0.162665270967742,0.162665270967742,0.0999508933277419,0.25176204516129
"378",2011-06-01,2011,6,NA,1.132210808834,1.132210808834,0.554,0.142633333333333,NA,0.189203343333333,0.189203343333333,0.246374132167333,0.331836676666667
"379",2011-07-01,2011,7,NA,2.05501607786194,2.05501607786194,2.01293548387097,0.0163870967741935,NA,0.126623083870968,0.126623083870968,-0.100929586654194,0.143010180645161
"380",2011-08-01,2011,8,NA,2.78977962013742,2.78977962013742,2.78387096774194,0.00790322580645161,NA,0.122417629032258,0.122417629032258,-0.124412202443226,0.13032085483871
"381",2011-09-01,2011,9,NA,3.39169658783133,3.39169658783133,3.36533333333333,0.0127,NA,0.12479539,0.12479539,-0.111132135502,0.13749539
"382",2011-10-01,2011,10,NA,3.26879023853097,3.26879023853097,3.20538709677419,0.0213870967741935,NA,0.129101583870968,0.129101583870968,-0.0870855388883871,0.150488680645161
"383",2011-11-01,2011,11,NA,2.78636666666667,2.78636666666667,2.93266666666667,0,NA,0,0,-0.1463,0
"384",2011-12-01,2011,12,NA,1.61343225806452,1.61343225806452,1.70903225806452,0,NA,0,0,-0.0956,0
"385",2012-01-01,2012,1,NA,1.47052903225806,1.47052903225806,1.56612903225806,0,NA,0,0,-0.0956,0
"386",2012-02-01,2012,2,NA,1.4719,1.4719,1.5675,0,NA,0,0,-0.0956,0
"387",2012-03-01,2012,3,NA,2.13715347452497,2.13715347452497,1.79161290322581,0.167709677419355,NA,0.102149420477386,0.102149420477386,0.0756814734024245,0.269859097896741
"388",2012-04-01,2012,4,NA,2.28829870691267,2.28829870691267,2.15566666666667,0.0376333333333333,NA,0.137154843333333,0.137154843333333,-0.0421561364206667,0.174788176666667
"389",2012-05-01,2012,5,NA,3.55295723468774,3.55295723468774,2.26,0.312774193548387,NA,0.273542167741935,0.273542167741935,0.706640873397419,0.586316361290323
"390",2012-06-01,2012,6,NA,3.58552205511267,3.58552205511267,2.79866666666667,0.191833333333333,NA,0.213591783333333,0.213591783333333,0.381430271779333,0.405425116666667
"391",2012-07-01,2012,7,NA,4.26504320209677,4.26504320209677,4.15258064516129,0.0329032258064516,NA,0.134810129032258,0.134810129032258,-0.0552507979032258,0.16771335483871
"392",2012-08-01,2012,8,NA,3.93020385123871,3.93020385123871,3.89967741935484,0.0136774193548387,NA,0.125279896774194,0.125279896774194,-0.108430884245161,0.138957316129032
"393",2012-09-01,2012,9,NA,2.55197269536467,2.55197269536467,2.51566666666667,0.0150333333333333,NA,0.125952023333333,0.125952023333333,-0.104679327968667,0.140985356666667
"394",2012-10-01,2012,10,NA,2.93739706916516,2.93739706916516,2.8458064516129,0.028,NA,0.1323796,0.1323796,-0.068788982447742,0.1603796
"395",2012-11-01,2012,11,NA,2.23833333333333,2.23833333333333,2.38463333333333,0,NA,0,0,-0.1463,0
"396",2012-12-01,2012,12,NA,3.67214193548387,3.67214193548387,3.76774193548387,0,NA,0,0,-0.0956,0
"397",2013-01-01,2013,1,NA,1.8952064516129,1.8952064516129,1.9908064516129,0,NA,0,0,-0.0956,0
"398",2013-02-01,2013,2,NA,0.778471428571429,0.778471428571429,0.874071428571429,0,NA,0,0,-0.0956,0
"399",2013-03-01,2013,3,NA,0.824853613279529,0.824853613279529,0.854096774193548,0.011741935483871,NA,0.0400012080847732,0.0400012080847732,-0.0809863044826632,0.0517431435686441
"400",2013-04-01,2013,4,NA,4.73628785105867,4.73628785105867,0.764266666666667,1.03933333333333,NA,0.633697533333333,0.633697533333333,2.29899031772533,1.67303086666667
"401",2013-05-01,2013,5,NA,2.66338864396,2.66338864396,0.846967741935484,0.440064516129032,NA,0.336639980645161,0.336639980645161,1.03971640525032,0.776704496774194
"402",2013-06-01,2013,6,NA,4.58103139959333,4.58103139959333,4.50933333333333,0.0233333333333333,NA,0.130066333333333,0.130066333333333,-0.0817016004066667,0.153399666666667
"403",2013-07-01,2013,7,NA,3.77862095795806,3.77862095795806,3.73612903225806,0.0164838709677419,NA,0.12667105483871,0.12667105483871,-0.100663000106452,0.143154925806452
"404",2013-08-01,2013,8,NA,3.2964962157,3.2964962157,3.29774193548387,0.0062258064516129,NA,0.121586132258065,0.121586132258065,-0.129057658493548,0.127811938709677
"405",2013-09-01,2013,9,NA,1.726906726138,1.726906726138,1.7022,0.0151,NA,0.11413507,0.11413507,-0.104528343862,0.12923507
"406",2013-10-01,2013,10,NA,3.30229132455419,3.30229132455419,3.23806451612903,0.0215806451612903,NA,0.129197525806452,0.129197525806452,-0.0865513625425807,0.150778170967742
"407",2013-11-01,2013,11,NA,1.70503333333333,1.70503333333333,1.85133333333333,0,NA,0,0,-0.1463,0
"408",2013-12-01,2013,12,NA,2.31794838709677,2.31794838709677,2.41354838709677,0,NA,0,0,-0.0956,0
"409",2014-01-01,2014,1,NA,2.46601290322581,2.46601290322581,2.56161290322581,0,NA,0,0,-0.0956,0
"410",2014-02-01,2014,2,NA,2.11011428571429,2.11011428571429,2.20571428571429,0,NA,0,0,-0.0956,0
"411",2014-03-01,2014,3,NA,1.8829864607227,1.8829864607227,1.9258064516129,0.008,NA,0.0348073944947596,0.0348073944947596,-0.08562738538496,0.0428073944947596
"412",2014-04-01,2014,4,NA,13.292010863776,13.292010863776,0.548,3.61426666666667,NA,1.91009198666667,1.91009198666667,7.21965221044267,5.52435865333333
"413",2014-05-01,2014,5,NA,0.885499903482581,0.885499903482581,0.0612258064516129,0.201354838709677,NA,0.218311593548387,0.218311593548387,0.404607664772903,0.419666432258064
"414",2014-06-01,2014,6,NA,3.19063868698733,3.19063868698733,0.0462333333333333,0.761966666666667,NA,0.496206876666667,0.496206876666667,1.88623181032067,1.25817354333333
"415",2014-07-01,2014,7,NA,2.55853469053613,2.55853469053613,1.04316129032258,0.367064516129032,NA,0.300453880645161,0.300453880645161,0.847855003439355,0.667518396774194
"416",2014-08-01,2014,8,NA,1.82022901342452,1.82022901342452,1.80538709677419,0.01,NA,0.123457,0.123457,-0.118615083349677,0.133457
"417",2014-09-01,2014,9,NA,0.13341955129,0.13341955129,0.1298,0.00736666666666667,NA,0.122151656666667,0.122151656666667,-0.125898772043333,0.129518323333333
"418",2014-10-01,2014,10,NA,4.22101849245097,4.22101849245097,4.15129032258065,0.0228709677419355,NA,0.129837138709677,0.129837138709677,-0.0829799365812903,0.152708106451613
"419",2014-11-01,2014,11,NA,1.31936666666667,1.31936666666667,1.46566666666667,0,NA,0,0,-0.1463,0
"420",2014-12-01,2014,12,NA,1.60891612903226,1.60891612903226,1.70451612903226,0,NA,0,0,-0.0956,0
"421",2015-01-01,2015,1,NA,1.54794838709677,1.54794838709677,1.64354838709677,0,NA,0,0,-0.0956,0
"422",2015-02-01,2015,2,NA,1.44511428571429,1.44511428571429,1.54071428571429,0,NA,0,0,-0.0956,0
"423",2015-03-01,2015,3,NA,3.47311751734589,3.47311751734589,0.526064516129032,2.91277419354839,NA,0.400261132289426,0.400261132289426,-0.365982324620952,3.31303532583781
"424",2015-04-01,2015,4,NA,1.58755480267533,1.58755480267533,0.0672333333333333,0.366633333333333,NA,0.300240143333333,0.300240143333333,0.853447992675333,0.666873476666667
"425",2015-05-01,2015,5,NA,1.70662529046903,1.70662529046903,1.1611935483871,0.134677419354839,NA,0.185259596774194,0.185259596774194,0.225494725952903,0.319937016129032
"426",2015-06-01,2015,6,4.72666666666667,4.72666666666667,4.72763376605333,4.66333333333333,0.0216,NA,0.12920712,0.12920712,-0.08650668728,0.15080712
"427",2015-07-01,2015,7,6.41806451612903,6.41806451612903,5.92492595926839,5.41535483870968,0.12741935483871,NA,0.181661774193548,0.181661774193548,0.200489991526452,0.309081129032258
"428",2015-08-01,2015,8,4.05429032258064,4.05429032258064,3.94112684819806,2.942,0.242161290322581,NA,0.238539351612903,0.238539351612903,0.518426206262581,0.480700641935484
"429",2015-09-01,2015,9,1.32553333333333,1.32553333333333,0.732695582893333,0.592533333333333,0.0394,NA,0.13803058,0.13803058,-0.03726833044,0.17743058
"430",2015-10-01,2015,10,1.35948387096774,1.35948387096774,1.44916178898065,1.28829032258065,0.044258064516129,NA,0.140438722580645,0.140438722580645,-0.0238253206967742,0.184696787096774
"431",2015-11-01,2015,11,1.84186666666667,1.84186666666667,1.39103333333333,1.53733333333333,0,NA,0,0,-0.1463,0
"432",2015-12-01,2015,12,1.5218064516129,1.5218064516129,1.4344,1.53,0,NA,0,0,-0.0956,0
"433",2016-01-01,2016,1,1.55903225806452,1.55903225806452,1.57956129032258,1.67516129032258,0,NA,0,0,-0.0956,0
"434",2016-02-01,2016,2,1.97344827586207,1.97344827586207,1.76164137931034,1.85724137931034,0,NA,0,0,-0.0956,0
"435",2016-03-01,2016,3,5.81935483870968,5.81935483870968,2.63699709350701,1.87870967741935,0.322677419354839,NA,0.172942807137219,0.172942807137219,0.262667189595594,0.495620226492058
"436",2016-04-01,2016,4,5.29266666666667,5.29266666666667,6.812197581188,5.976,0.203466666666667,NA,0.219358426666667,0.219358426666667,0.413372487854667,0.422825093333333
"437",2016-05-01,2016,5,5.42806451612903,5.42806451612903,5.90180976040581,5.62741935483871,0.0709354838709677,NA,0.153662719354839,0.153662719354839,0.0497922023412903,0.224598203225806
"438",2016-06-01,2016,6,3.73966666666667,3.73966666666667,3.94435126031333,3.68733333333333,0.0668666666666667,NA,0.151645806666667,0.151645806666667,0.0385054536466667,0.218512473333333
"439",2016-07-01,2016,7,4.04193548387097,4.04193548387097,3.69972067576839,2.0781935483871,0.393774193548387,NA,0.313693867741935,0.313693867741935,0.914059066090968,0.707468061290323
"440",2016-08-01,2016,8,3.19129032258065,3.19129032258065,2.71765892594452,2.47277419354839,0.064,NA,0.1502248,0.1502248,0.030659932396129,0.2142248
"441",2016-09-01,2016,9,2.978,2.978,2.90567653463867,2.81266666666667,0.0283333333333333,NA,0.132544833333333,0.132544833333333,-0.0678682986946667,0.160878166666667
"442",2016-10-01,2016,10,1.34470967741935,1.34470967741935,1.51415666465419,0.586612903225807,0.224838709677419,NA,0.229952548387097,0.229952548387097,0.472752503363871,0.454791258064516
"443",2016-11-01,2016,11,1.04933333333333,1.04933333333333,0.7145,0.8608,0,NA,0,0,-0.1463,0
"444",2016-12-01,2016,12,1.6298064516129,1.6298064516129,1.7002064516129,1.7958064516129,0,NA,0,0,-0.0956,0
"445",2017-01-01,2017,1,2.47774193548387,2.47774193548387,1.87601290322581,1.97161290322581,0,NA,0,0,-0.0956,0
"446",2017-02-01,2017,2,2.67785714285714,2.67785714285714,2.09225714285714,2.18785714285714,0,NA,0,0,-0.0956,0
"447",2017-03-01,2017,3,2.2941935483871,2.2941935483871,2.73637326717582,2.16354838709677,0.251,NA,0.141725408181843,0.141725408181843,0.180099471897199,0.392725408181843
"448",2017-04-01,2017,4,1.0135,1.0135,1.089342412524,0.7156,0.0942666666666667,NA,0.165227986666667,0.165227986666667,0.114247759190667,0.259494653333333
"449",2017-05-01,2017,5,3.02225806451613,3.02225806451613,3.23913319922516,2.97161290322581,0.0693225806451613,NA,0.152863203225806,0.152863203225806,0.0453345121283871,0.222185783870968
"450",2017-06-01,2017,6,8.397,8.397,9.275175594746,9.24,0.0147666666666667,NA,0.125819836666667,0.125819836666667,-0.105410908587333,0.140586503333333
"451",2017-07-01,2017,7,8.6758064516129,8.6758064516129,9.88163872784839,9.88838709677419,0.00493548387096774,NA,0.120946519354839,0.120946519354839,-0.132630372151613,0.125882003225806
"452",2017-08-01,2017,8,6.49838709677419,6.49838709677419,7.83234534608516,7.84225806451613,0.00419354838709677,NA,0.120578741935484,0.120578741935484,-0.134685008753548,0.124772290322581
"453",2017-09-01,2017,9,4.1606,4.1606,4.710855015086,4.7115,0.00636666666666667,NA,0.121655956666667,0.121655956666667,-0.128667608247333,0.128022623333333
"454",2017-10-01,2017,10,0.899548387096774,0.899548387096774,1.08095738124,0.996258064516129,0.0263870967741935,NA,0.131580083870968,0.131580083870968,-0.0732678639212903,0.157967180645161
"455",2017-11-01,2017,11,2.03966666666667,2.03966666666667,2.2697,2.416,0,NA,0,0,-0.1463,0
"456",2017-12-01,2017,12,2.09,2.09,2.19665806451613,2.29225806451613,0,NA,0,0,-0.0956,0
"457",2018-01-01,2018,1,2.07161290322581,2.07161290322581,1.85246451612903,1.94806451612903,0,NA,0,0,-0.0956,0
"458",2018-02-01,2018,2,2.17892857142857,2.17892857142857,1.70297142857143,1.79857142857143,0,NA,0,0,-0.0956,0
"459",2018-03-01,2018,3,2.12448387096774,2.12448387096774,1.97152732232358,1.84774193548387,0.0714838709677419,NA,0.0634587226669422,0.0634587226669422,-0.0111572067949729,0.134942593634684
"460",2018-04-01,2018,4,5.031,5.031,4.948510414676,1.3191,0.879666666666667,NA,0.554550766666667,0.554550766666667,2.19519298134267,1.43421743333333
"461",2018-05-01,2018,5,8.90258064516129,8.90258064516129,8.70078783342452,8.60645161290322,0.0286451612903226,NA,0.132699406451613,0.132699406451613,-0.0670083472206452,0.161344567741935
"462",2018-06-01,2018,6,3.7894,3.7894,3.390334827958,3.2773,0.0330333333333333,NA,0.134874623333333,0.134874623333333,-0.0548731287086667,0.167907956666667
"463",2018-07-01,2018,7,5.69741935483871,5.69741935483871,5.50928481793871,5.49677419354839,0.00945161290322581,NA,0.123185164516129,0.123185164516129,-0.120126153029032,0.132636777419355
"464",2018-08-01,2018,8,5.28548387096774,5.28548387096774,5.0968510206929,5.1141935483871,0.00245161290322581,NA,0.119715264516129,0.119715264516129,-0.139509405113548,0.122166877419355
"465",2018-09-01,2018,9,4.35833333333333,4.35833333333333,3.862678653702,3.871,0.00456666666666667,NA,0.120763696666667,0.120763696666667,-0.133651709631333,0.125330363333333
"466",2018-10-01,2018,10,0.767096774193548,0.767096774193548,0.644434316874839,0.656548387096774,0.00367741935483871,NA,0.120322896774194,0.120322896774194,-0.136114386350968,0.124000316129032
"467",2018-11-01,2018,11,2.51666666666667,2.51666666666667,2.11266666666667,2.25896666666667,0,NA,0,0,-0.1463,0
"468",2018-12-01,2018,12,1.49622580645161,1.49622580645161,2.11375483870968,2.20935483870968,0,NA,0,0,-0.0956,0
"469",2019-01-01,2019,1,1.28606451612903,1.28606451612903,2.04536774193548,2.14096774193548,0,NA,0,0,-0.0956,0
"470",2019-02-01,2019,2,2.15410714285714,2.15410714285714,1.90761428571429,2.00321428571429,0,NA,0,0,-0.0956,0
"471",2019-03-01,2019,3,2.8571935483871,2.8571935483871,2.06869806155973,1.49235483870968,0.289290322580645,NA,0.113598042083981,0.113598042083981,0.173454858185425,0.402888364664626
"472",2019-04-01,2019,4,9.55966666666667,9.55966666666667,9.857845866282,9.6,0.0670333333333333,NA,0.151728423333333,0.151728423333333,0.0390841096153333,0.218761756666667
"473",2019-05-01,2019,5,9.67967741935484,9.67967741935484,10.2150426638677,10.0512903225806,0.0449354838709677,NA,0.140774519354839,0.140774519354839,-0.0219576619387097,0.185710003225806
"474",2019-06-01,2019,6,6.965,6.965,7.36835979629333,7.06833333333333,0.0770666666666667,NA,0.156701946666667,0.156701946666667,0.0662578496266667,0.233768613333333
"475",2019-07-01,2019,7,5.93387096774194,5.93387096774194,6.15700527329613,5.33774193548387,0.199258064516129,NA,0.217272222580645,0.217272222580645,0.402733050715484,0.416530287096774
"476",2019-08-01,2019,8,6.64548387096774,6.64548387096774,6.2778393773871,6.19483870967742,0.026,NA,0.1313882,0.1313882,-0.0743875322903226,0.1573882
"477",2019-09-01,2019,9,3.84876666666667,3.84876666666667,2.99920824242667,2.82496666666667,0.0474,NA,0.14199618,0.14199618,-0.01515460424,0.18939618
"478",2019-10-01,2019,10,0.481354838709677,0.481354838709677,0.627211061003226,0.540161290322581,0.0269354838709677,NA,0.131851919354839,0.131851919354839,-0.0717376325451613,0.158787403225806
"479",2019-11-01,2019,11,1.59623333333333,1.59623333333333,2.02803333333333,2.17433333333333,0,NA,0,0,-0.1463,0
"480",2019-12-01,2019,12,1.31212903225806,1.31212903225806,1.87762580645161,1.97322580645161,0,NA,0,0,-0.0956,0
