"","Site","region","ex.50","H.ex.50","canopy","H.CLs_n.meq","CLs_n.meq","CLs.meq","H.CLs.meq","Sdep","Sdep.meq","g.m2013.S_eq.ha","g.m2013.N_eq.ha","SNdep.meq","s.exceed","sn.exceed","Ndep","Ndep.meq"
"1","A01-01","SLU",4.386403029,1.053930778,"jack pine",17.7484595,20.73412027,14.23617356,14.23617356,56.12551117,5.612551117,56.12551117,24.45680809,8.058231926,8.623622443,13.010025472,24.4568080902,2.44568080902
"2","A01-02","SLU",5.171429428,NA,"black spruce",24.81565715,24.54265715,17.16411615,17.16411615,66.82737732,6.682737732,66.82737732,24.35105324,9.117843056,10.481378418,15.652807846,24.3510532379,2.43510532379
"3","A03-01","SLU",5.440164832,NA,"black spruce",27.19461013,26.92161013,19.54306913,19.54306913,59.20462418,5.920462418,59.20462418,22.41448784,8.161911201,13.622606712,19.062771544,22.4144878387,2.24144878387
"4","A03-02","SLU",5.560345448,NA,"black spruce",25.89705944,25.62405944,18.24551845,18.24551845,54.56725693,5.456725693,54.56725693,21.20836449,7.577562141,12.788792757,18.349138205,21.2083644867,2.12083644867
"5","A03-03","SLU",5.183486241,NA,"black spruce",21.45048834,21.17748834,13.79894735,13.79894735,71.65354156,7.165354156,71.65354156,24.3429184,9.599645996,6.633593194,11.817079435,24.342918396,2.4342918396
"6","A03-04","SLU",4.675147652,1.455759276,"jack pine",25.87685947,28.86252024,22.36457353,22.36457353,58.22198486,5.822198486,58.22198486,20.84685326,7.906883812,16.542375044,21.217522696,20.8468532562,2.08468532562
"7","A05-01","SLU",5.472490748,NA,"black spruce",24.8245245,24.5515245,17.17298351,17.17298351,60.38652802,6.038652802,60.38652802,21.14133263,8.152786064,11.134330708,16.606821456,21.1413326263,2.11413326263
"8","A05-02","SLU",5.343372635,NA,"black spruce",22.22239031,21.94939031,14.57084931,14.57084931,75.59736633,7.559736633,75.59736633,22.75137138,9.834873772,7.011112677,12.354485312,22.7513713837,2.27513713837
"9","A05-03","SLU",5.30860179,NA,"black spruce",37.18475015,36.91175015,29.53320916,29.53320916,65.92633057,6.592633057,65.92633057,23.48644257,8.941277313,22.940576103,28.249177893,23.4864425659,2.34864425659
"10","B02-01","TLU",4.710486012,1.404403257,"jack pine",23.7223089,26.83796967,20.20002296,20.20002296,60.52163315,6.052163315,60.52163315,20.93080521,8.145243835,14.147859645,18.858345657,20.9308052063,2.09308052063
"11","B02-03","TLU",4.612135916,NA,"black spruce",30.18112961,30.03812961,22.51958862,22.51958862,80.97434998,8.097434998,80.97434998,30.81826973,11.17926197,14.422153622,19.034289538,30.8182697296,3.08182697296
"12","B02-04","TLU",4.932988792,NA,"black spruce",22.26314848,22.12014848,14.60160749,14.60160749,63.42870712,6.342870712,63.42870712,27.39259338,9.082130051,8.258736778,13.19172557,27.3925933838,2.73925933838
"13","B02-05","TLU",5.22588752,NA,"black spruce",22.27812605,22.13512605,14.61658505,14.61658505,69.16382599,6.916382599,69.16382599,24.50323677,9.366706276,7.700202451,12.926089971,24.5032367706,2.45032367706
"14","B02-06","TLU",5.007117835,NA,"black spruce",34.16373432,34.02073432,26.50219333,26.50219333,69.23081207,6.923081207,69.23081207,26.74886322,9.597967529,19.579112123,24.586229958,26.7488632202,2.67488632202
"15","C01-01","AP",7.003989031,2.778134711,"jack pine",20.48931975,24.04970805,15.53463905,15.53463905,99.22619629,9.922619629,99.22619629,22.23429489,12.14604912,5.612019421,12.616008452,22.2342948914,2.22342948914
"16","C01-02","AP",13.1876193,NA,"black spruce",28.90249167,28.16049167,13.41891095,13.41891095,93.20844269,9.320844269,93.20844269,23.97225761,11.71807003,4.098066681,17.285685981,23.9722576141,2.39722576141
"17","C01-03","AP",7.101386335,2.856160825,"jack pine",17.27422677,20.83461508,12.31954607,12.31954607,87.86991119,8.786991119,87.86991119,21.18733215,10.90572433,3.532554951,10.633941286,21.1873321533,2.11873321533
"18","C01-04","AP",12.31406334,NA,"black spruce",28.71172445,27.96972445,13.22814374,13.22814374,83.59372711,8.359372711,83.59372711,31.02148438,11.46152115,4.868771029,17.182834369,31.021484375,3.1021484375
"19","C01-05","AP",6.656620024,2.414186345,"jack pine",18.09002041,21.65040871,13.13533971,13.13533971,81.3583374,8.13583374,81.3583374,25.64904594,10.70073833,4.99950597,11.656125994,25.6490459442,2.56490459442
"20","C01-06","AP",5.98784794,1.736436945,"jack pine",17.19936461,20.75975292,12.24468391,12.24468391,96.24274445,9.624274445,96.24274445,32.37286758,12.8615612,2.620409465,8.608257405,32.3728675842,3.23728675842
"21","C02-01","AP",12.92836569,NA,"black spruce",31.07427903,30.33227903,15.59069831,15.59069831,134.8669281,13.48669281,134.8669281,24.74508667,15.96120148,2.1040055,15.03237119,24.7450866699,2.47450866699
"22","C02-02","AP",6.64560555,2.38922617,"jack pine",20.38230786,23.94269616,15.42762716,15.42762716,90.08638763,9.008638763,90.08638763,26.11935425,11.62057419,6.418988397,13.064593947,26.119354248,2.6119354248
"23","C02-03","AP",6.580895424,2.19347537,"jack pine",20.49005096,24.05043927,15.53537026,15.53537026,107.2799377,10.72799377,107.2799377,26.67230034,13.39522381,4.80737649,11.388271914,26.6723003387,2.66723003387
"24","C02-04","AP",6.25142796,2.070849076,"jack pine",18.61759075,22.17797905,13.66291005,13.66291005,108.1835098,10.81835098,108.1835098,28.47535706,13.66588669,2.84455907,9.09598703,28.4753570557,2.84753570557
"25","C02-05","AP",6.250958015,1.892036702,"jack pine",25.34451416,28.90490246,20.38983346,20.38983346,94.09829712,9.409829712,94.09829712,30.33533669,12.44336338,10.980003748,17.230961763,30.3353366852,3.03353366852
"26","C02-06","AP",9.394431006,4.237573156,"trembling aspen",22.9704405,27.35763045,15.86074346,15.86074346,103.4740524,10.34740524,103.4740524,29.25215149,13.27262039,5.51333822,14.907769226,29.2521514893,2.92521514893
"27","C02-07","AP",12.85372133,NA,"black spruce",30.87718417,30.13518417,15.39360345,15.39360345,91.34351349,9.134351349,91.34351349,27.502882,11.88463955,6.259252101,19.112973431,27.5028820038,2.75028820038
"28","C02-08","AP",5.327481705,1.089682075,"jack pine",20.70901692,24.26940522,15.75433622,15.75433622,99.66475677,9.966475677,99.66475677,38.82935333,13.84941101,5.787860543,11.115342248,38.8293533325,3.88293533325
"29","C03-01","AP",12.59913448,NA,"black spruce",30.87709537,30.13509537,15.39351466,15.39351466,109.7157974,10.97157974,109.7157974,28.77335358,13.8489151,4.42193492,17.0210694,28.7733535767,2.87733535767
"30","C03-02","AP",5.126448479,0.86733187,"jack pine",20.95105583,24.51144414,15.99637513,15.99637513,102.9312134,10.29312134,102.9312134,41.10318756,14.40344009,5.70325379,10.829702269,41.103187561,4.1103187561
"31","C03-03","AP",6.440611852,2.087417303,"jack pine",20.1756374,23.73602571,15.2209567,15.2209567,88.26522827,8.826522827,88.26522827,28.39730072,11.6662529,6.394433873,12.835045725,28.3973007202,2.83973007202
"32","C03-04","AP",5.6717898,1.366000056,"jack pine",20.21091765,23.77130595,15.25623694,15.25623694,94.01728058,9.401728058,94.01728058,35.75585938,12.977314,5.854508882,11.526298682,35.755859375,3.5755859375
"33","C03-05","AP",5.687645434,1.411271782,"jack pine",19.86449377,23.42488207,14.90981307,14.90981307,89.26345062,8.926345062,89.26345062,35.55679321,12.48202438,5.983468008,11.671113442,35.5567932129,3.55567932129
"34","C03-06","AP",4.588871613,0.321812403,"jack pine",22.54058357,26.10097187,17.58590287,17.58590287,163.0803528,16.30803528,163.0803528,46.60759735,20.96879501,1.27786759,5.866739203,46.6075973511,4.66075973511
"35","C04-01","AP",12.4394733,NA,"black spruce",29.64961067,28.90761067,14.16602995,14.16602995,101.1916962,10.11916962,101.1916962,31.45852089,13.26502171,4.04686033,16.48633363,31.4585208893,3.14585208893
"36","C04-02","AP",6.566162982,2.243916066,"jack pine",18.71915229,22.2795406,13.76447159,13.76447159,90.0528183,9.00528183,90.0528183,26.87768555,11.69305038,4.75918976,11.325352742,26.8776855469,2.68776855469
"37","C04-03","AP",6.040655023,1.80584965,"jack pine",18.01353732,21.57392562,13.05885662,13.05885662,92.36183167,9.236183167,92.36183167,31.83803749,12.41998692,3.822673453,9.863328476,31.8380374908,3.18380374908
"38","C04-04","AP",5.694947118,1.375622685,"jack pine",19.50260321,23.06299152,14.54792251,14.54792251,97.19169617,9.719169617,97.19169617,35.70878601,13.29004822,4.828752893,10.523700011,35.7087860107,3.57087860107
"39","C04-05","AP",5.884640534,1.383688222,"jack pine",18.95037945,22.51076776,13.99569875,13.99569875,91.65695953,9.165695953,91.65695953,35.36813736,12.70250969,4.830002797,10.714643331,35.3681373596,3.53681373596
"40","C04-06","AP",11.73405762,NA,"black spruce",29.49658279,28.75458279,14.01300208,14.01300208,93.42618561,9.342618561,93.42618561,36.62983322,13.00560188,4.670383519,16.404441139,36.6298332214,3.66298332214
"41","C05-01","AP",6.629604372,2.351801341,"jack pine",18.89627982,22.45666812,13.94159912,13.94159912,77.19194031,7.719194031,77.19194031,26.2404232,10.34323635,6.222405089,12.852009461,26.2404232025,2.62404232025
"42","C05-02","AP",6.01645422,1.64883584,"jack pine",18.89355422,22.45394252,13.93887352,13.93887352,76.41416168,7.641416168,76.41416168,32.93943405,10.93535957,6.297457352,12.313911572,32.9394340515,3.29394340515
"43","C05-03","AP",12.46324816,NA,"black spruce",29.11946553,28.37746553,13.63588481,13.63588481,74.14078522,7.414078522,74.14078522,29.48505783,10.3625843,6.221806288,18.685054448,29.4850578308,2.94850578308
"44","C05-04","AP",6.209598211,1.925296321,"jack pine",18.18736695,21.74775525,13.23268624,13.23268624,86.88299561,8.688299561,86.88299561,30.48262405,11.73656197,4.544386679,10.75398489,30.482624054,3.0482624054
"45","C06-01","AP",6.920230856,2.726342495,"jack pine",19.27366301,22.83405131,14.31898231,14.31898231,77.02490234,7.702490234,77.02490234,22.48386192,9.950876427,6.616492076,13.536722932,22.4838619232,2.24838619232
"46","C06-02","AP",6.81773052,2.486301031,"jack pine",18.61300634,22.17339464,13.65832564,13.65832564,87.4864502,8.74864502,87.4864502,24.26934052,11.17557907,4.90968062,11.72741114,24.2693405151,2.42693405151
"47","C06-03","AP",6.709951201,2.387000436,"jack pine",18.61965606,22.18004436,13.66497536,13.66497536,98.99344635,9.899344635,98.99344635,25.52956772,12.45230141,3.765630725,10.475581926,25.5295677185,2.55295677185
"48","C06-04","AP",6.212634046,1.997376906,"jack pine",25.85281066,29.41319897,20.89812996,20.89812996,79.23177338,7.923177338,79.23177338,29.64051056,10.88722839,12.974952622,19.187586668,29.6405105591,2.96405105591
"49","C06-05","AP",6.58983628,2.184260289,"jack pine",17.64448702,21.20487533,12.68980632,12.68980632,81.4539566,8.14539566,81.4539566,27.57660484,10.90305614,4.54441066,11.13424694,27.5766048431,2.75766048431
"50","C06-06","AP",7.183705179,2.820765203,"jack pine",17.2992073,20.8595956,12.3445266,12.3445266,76.40277863,7.640277863,76.40277863,21.34559441,9.774837303,4.704248737,11.887953916,21.3455944061,2.13455944061
"51","C06-07","AP",6.965326016,2.688843182,"jack pine",18.1515192,21.71190751,13.1968385,13.1968385,82.62168884,8.262168884,82.62168884,22.55363846,10.51753273,4.934669616,11.899995632,22.5536384583,2.25536384583
"52","C07-01","AP",7.124594073,2.756001694,"jack pine",17.43485335,20.99524166,12.48017265,12.48017265,66.18501282,6.618501282,66.18501282,21.83826447,8.802327728,5.861671368,12.986265441,21.8382644653,2.18382644653
"53","C07-02","AP",13.39124616,NA,"black spruce",28.80092666,28.05892666,13.31734594,13.31734594,61.36790466,6.136790466,61.36790466,22.19294739,8.356085205,7.180555474,20.571801634,22.1929473877,2.21929473877
"54","C07-03","AP",6.650156297,2.271781078,"jack pine",17.58834588,21.14873419,12.63366518,12.63366518,86.22790527,8.622790527,86.22790527,27.1501255,11.33780308,4.010874653,10.66103095,27.1501255035,2.71501255035
"55","C07-04","AP",12.6800177,NA,"black spruce",27.24442119,26.50242119,11.76084047,11.76084047,89.06536102,8.906536102,89.06536102,27.5604496,11.66258106,2.854304368,15.534322068,27.5604496002,2.75604496002
"56","C07-05","AP",12.87398356,NA,"black spruce",28.78211798,28.04011798,13.29853727,13.29853727,76.71674347,7.671674347,76.71674347,25.55363846,10.22703819,5.626862923,18.500846483,25.5536384583,2.55536384583
"57","C08-01","AP",7.254823032,2.982940898,"jack pine",17.72351456,21.28390286,12.76883386,12.76883386,71.87719727,7.187719727,71.87719727,20.11487007,9.199206734,5.581114133,12.835937165,20.1148700714,2.01148700714
"58","C08-02","AP",12.76413662,NA,"black spruce",28.75857406,28.01657406,13.27499334,13.27499334,69.18063354,6.918063354,69.18063354,25.76351929,9.494415283,6.356929986,19.121066606,25.7635192871,2.57635192871
"59","C08-03","AP",7.097480185,2.816711156,"jack pine",17.62203702,21.18242533,12.66735632,12.66735632,66.47200012,6.647200012,66.47200012,20.9148159,8.738681602,6.020156308,13.117636493,20.9148159027,2.09148159027
"60","C08-04","AP",7.470091016,3.174969199,"jack pine",17.26207952,20.82246782,12.30739881,12.30739881,71.79515076,7.179515076,71.79515076,17.76329994,8.95584507,5.127883734,12.59797475,17.763299942,1.7763299942
"61","C09-01","AP",6.245939246,1.921460592,"jack pine",17.78492854,21.34531684,12.83024783,12.83024783,72.18592072,7.218592072,72.18592072,30.20792007,10.23938408,5.611655758,11.857595004,30.2079200745,3.02079200745
"62","C09-02","AP",6.55788077,2.161389424,"jack pine",17.4829671,21.0433554,12.5282864,12.5282864,73.62838745,7.362838745,73.62838745,27.43810654,10.1066494,5.165447655,11.723328425,27.4381065369,2.74381065369
"63","C09-03","AP",12.72085481,NA,"black spruce",28.19083997,27.44883997,12.70725926,12.70725926,73.88217926,7.388217926,73.88217926,26.39748192,10.02796612,5.319041334,18.039896144,26.3974819183,2.63974819183
"64","C09-04","AP",7.16226511,2.818383304,"jack pine",17.15648639,20.71687469,12.20180569,12.20180569,66.84854889,6.684854889,66.84854889,21.5754776,8.842402649,5.516950801,12.679215911,21.5754776001,2.15754776001
"65","C09-05","AP",12.86925366,NA,"black spruce",27.73233883,26.99033883,12.24875811,12.24875811,94.17877197,9.417877197,94.17877197,26.82853889,12.10073109,2.830880913,15.700134573,26.8285388947,2.68285388947
"66","C10-01","AP",12.09557266,NA,"black spruce",28.24413682,27.50213682,12.7605561,12.7605561,90.75576782,9.075576782,90.75576782,31.77340698,12.25291748,3.684979318,15.780551978,31.7734069824,3.17734069824
"67","C10-02","AP",6.399812323,2.152792254,"jack pine",18.76284216,22.32323047,13.80816146,13.80816146,79.65285492,7.965285492,79.65285492,28.30677223,10.79596272,5.842875968,12.242688291,28.3067722321,2.83067722321
"68","C10-03","AP",13.32297213,NA,"black spruce",29.11902706,28.37702706,13.63544635,13.63544635,61.92847061,6.192847061,61.92847061,22.34630966,8.427478027,7.442599289,20.765571419,22.3463096619,2.23463096619
"69","C11-01","AP",5.728826288,1.405751255,"jack pine",17.61858441,21.17897272,12.66390371,12.66390371,101.4500656,10.14500656,101.4500656,35.31747437,13.676754,2.51889715,8.247723438,35.3174743652,3.53174743652
"70","C11-02","AP",6.458836571,2.170466832,"jack pine",17.14907338,20.70946168,12.19439268,12.19439268,87.30994415,8.730994415,87.30994415,27.91116905,11.52211132,3.463398265,9.922234836,27.9111690521,2.79111690521
"71","C11-03","AP",6.642780619,2.424251358,"jack pine",16.05881262,19.61920092,11.10413192,11.10413192,89.81711578,8.981711578,89.81711578,25.7545166,11.55716324,2.122420342,8.765200961,25.7545166016,2.57545166016
"72","C11-04","AP",5.614927138,1.38518211,"jack pine",17.24878277,20.80917107,12.29410207,12.29410207,87.26415253,8.726415253,87.26415253,36.04652786,12.33106804,3.567686817,9.182613955,36.0465278625,3.60465278625
"73","C11-05","AP",12.8307837,NA,"black spruce",26.66384292,25.92184292,11.1802622,11.1802622,89.92739105,8.992739105,89.92739105,26.79372597,11.6721117,2.187523095,15.018306795,26.7937259674,2.67937259674
"74","C12-01","AP",6.202762494,1.868407415,"jack pine",18.17391162,21.73429992,13.21923092,13.21923092,72.73310852,7.273310852,72.73310852,31.00345993,10.37365685,5.945920068,12.148682562,31.0034599304,3.10034599304
"75","C12-02","AP",5.967830888,1.630470101,"jack pine",27.42287695,30.98326525,22.46819624,22.46819624,76.34771729,7.634771729,76.34771729,33.13045883,10.94781761,14.833424511,20.801255399,33.1304588318,3.31304588318
"76","C12-03","AP",11.84390012,NA,"black spruce",27.98223908,27.24023908,12.49865836,12.49865836,90.05458069,9.005458069,90.05458069,35.92803192,12.59826126,3.493200291,15.337100411,35.9280319214,3.59280319214
"77","C12-04","AP",6.299164238,1.987413587,"jack pine",23.3689787,26.929367,18.41429799,18.41429799,77.27436829,7.727436829,77.27436829,29.65992165,10.69342899,10.686861161,16.986025399,29.6599216461,2.96599216461
"78","C12-05","AP",12.13723977,NA,"black spruce",31.7189818,30.9769818,16.23540108,16.23540108,86.66394043,8.666394043,86.66394043,32.74830246,11.94122429,7.569007037,19.706246807,32.7483024597,3.27483024597
"79","C12-06","AP",5.497823429,1.230295416,"jack pine",16.51127853,20.07166684,11.55659783,11.55659783,117.2001648,11.72001648,117.2001648,37.0025177,15.42026825,-0.163418650000001,5.334404779,37.0025177002,3.70025177002
"80","C12-07","AP",6.666701363,2.364495992,"jack pine",18.86489113,22.42527944,13.91021043,13.91021043,79.02256775,7.902256775,79.02256775,25.6760025,10.46985703,6.007953655,12.674655018,25.6760025024,2.56760025024
"81","C12-08","AP",5.906114629,1.57443883,"jack pine",19.61026209,23.17065039,14.65558139,14.65558139,104.4348831,10.44348831,104.4348831,33.72118759,13.81560707,4.21209308,10.118207709,33.7211875916,3.37211875916
"82","D01-01","CRU",8.384654403,4.044868972,"jack pine",23.5969695,26.45735781,15.9122888,15.9122888,122.9710693,12.29710693,122.9710693,33.59011078,15.65611801,3.61518187,11.999836273,33.5901107788,3.35901107788
"83","D01-02","CRU",7.57895183,3.175877359,"jack pine",23.88330738,26.74369568,16.19862668,16.19862668,114.4415894,11.44415894,114.4415894,42.47058487,15.69121742,4.75446774,12.33341957,42.4705848694,4.24705848694
"84","D01-03","CRU",8.146978437,3.761377122,"jack pine",23.5607319,26.4211202,15.87605119,15.87605119,90.49860382,9.049860382,90.49860382,36.54802322,12.7046627,6.826190808,14.973169245,36.5480232239,3.65480232239
"85","D01-04","CRU",7.732252852,3.257588897,"jack pine",18.81149529,21.6718836,11.12681459,11.12681459,113.3783875,11.33783875,113.3783875,40.75109863,15.41294861,-0.211024159999999,7.521228692,40.7510986328,4.07510986328
"86","D01-05","CRU",8.488238956,4.097369513,"jack pine",22.70759472,25.56798303,15.02291402,15.02291402,108.2470474,10.82470474,108.2470474,32.8943367,14.11413841,4.19820928,12.686448236,32.8943367004,3.28943367004
"87","D01-06","CRU",8.380705297,4.024649131,"jack pine",21.10694135,23.96732965,13.42226064,13.42226064,132.2225647,13.22225647,132.2225647,34.21749115,16.64400558,0.20000417,8.580709467,34.2174911499,3.42174911499
"88","D01-07","CRU",6.986462114,2.661108808,"jack pine",29.01714955,31.87753786,21.33246885,21.33246885,103.798912,10.3798912,103.798912,47.10741043,15.09063225,10.95257765,17.939039764,47.1074104309,4.71074104309
"89","D02-01","CRU",10.19112225,5.042714508,"trembling aspen",26.00153413,29.68872408,16.16183709,16.16183709,110.5925827,11.05925827,110.5925827,46.69010544,15.72826881,5.10257882,15.29370107,46.6901054382,4.66901054382
"90","D02-02","CRU",10.92806183,5.629580104,"trembling aspen",27.4966027,31.18379265,17.65690566,17.65690566,140.6990051,14.06990051,140.6990051,39.2024231,17.99014282,3.58700515,14.51506698,39.2024230957,3.92024230957
"91","D02-03","CRU",10.9141877,5.646470889,"trembling aspen",27.51565378,31.20284372,17.67595674,17.67595674,112.0087967,11.20087967,112.0087967,39.18538666,15.11941833,6.47507707,17.38926477,39.1853866577,3.91853866577
"92","D03-01","CRU",7.078065867,2.583582827,"jack pine",23.44216604,26.30255434,15.75748534,15.75748534,113.6841812,11.36841812,113.6841812,47.360569,16.10447502,4.38906722,11.467133087,47.3605690002,4.73605690002
"93","D03-02","CRU",7.85659765,3.374511154,"jack pine",53.28956907,56.14995738,45.60488837,45.60488837,100.8267822,10.08267822,100.8267822,40.05480576,14.0881588,35.52221015,43.3788078,40.0548057556,4.00548057556
"94","D03-03","CRU",10.01686031,4.666547404,"trembling aspen",28.09059448,31.77778443,18.25089744,18.25089744,114.1114502,11.41114502,114.1114502,47.59305573,16.17045059,6.83975242,16.85661273,47.5930557251,4.75930557251
"95","D03-04","CRU",7.617920238,3.22338139,"jack pine",60.11422984,62.97461814,52.42954914,52.42954914,96.49942017,9.649942017,96.49942017,41.88081741,13.83802376,42.779607123,50.397527361,41.8808174133,4.18808174133
"96","D04-02","CRU",8.037948376,3.35383486,"jack pine",25.97963721,28.84002552,18.29495651,18.29495651,94.66950226,9.466950226,94.66950226,39.62115479,13.4290657,8.828006284,16.86595466,39.6211547852,3.96211547852
"97","D04-03","CRU",8.614742915,4.170403075,"jack pine",28.91215463,31.77254293,21.22747393,21.22747393,100.9191971,10.09191971,100.9191971,31.60629463,13.25254917,11.13555422,19.750297135,31.606294632,3.1606294632
"98","D04-04","CRU",8.107852587,3.732142718,"jack pine",33.8608995,36.72128781,26.1762188,26.1762188,109.190361,10.9190361,109.190361,36.8367691,14.60271301,15.2571827,23.365035287,36.836769104,3.6836769104
"99","D04-05","CRU",14.6601421,NA,"black spruce",51.31965916,49.87765916,33.10607844,33.10607844,115.0226059,11.50226059,115.0226059,35.11781693,15.01404228,21.60381785,36.26395995,35.117816925,3.5117816925
"100","D04-06","CRU",14.77079806,NA,"black spruce",76.82528829,75.38328829,58.61170757,58.61170757,122.5089951,12.25089951,122.5089951,34.56833649,15.70773315,46.36080806,61.13160612,34.5683364868,3.45683364868
"101","D04-07","CRU",11.32949274,5.99602319,"trembling aspen",72.17557342,75.86276337,62.33587638,62.33587638,92.94932556,9.294932556,92.94932556,35.10302353,12.80523491,53.040943824,64.370436564,35.1030235291,3.51030235291
"102","D04-08","CRU",11.54297771,6.152037698,"trembling aspen",99.85676873,103.5439587,90.01707169,90.01707169,94.67542267,9.467542267,94.67542267,34.70108414,12.93765068,80.549529423,92.092507133,34.701084137,3.4701084137
"103","D04-09","CRU",11.22412168,5.9448767,"trembling aspen",51.95842438,55.64561433,42.11872734,42.11872734,84.16905975,8.416905975,84.16905975,36.22159195,12.03906517,33.701821365,44.925943045,36.2215919495,3.62215919495
"104","D04-11","CRU",8.370842935,3.834615973,"jack pine",127.9741605,130.8345488,120.2894798,120.2894798,106.2649765,10.62649765,106.2649765,35.23275375,14.14977303,109.66298215,118.033825085,35.2327537537,3.52327537537
"105","D04-12","CRU",10.27938141,5.053883993,"trembling aspen",59.44955158,63.13674153,49.60985454,49.60985454,88.22473145,8.822473145,88.22473145,46.03491974,13.42596512,40.787381395,51.066762805,46.0349197388,4.60349197388
"106","D04-13","CRU",7.914736054,3.383853399,"jack pine",41.55422555,44.41461386,33.86954485,33.86954485,115.6781235,11.56781235,115.6781235,39.42047119,15.50985947,22.3017325,30.216468554,39.4204711914,3.94204711914
"107","D04-14","CRU",11.766044,6.341059119,"trembling aspen",31.66181697,35.34900692,21.82211993,21.82211993,104.5196228,10.45196228,104.5196228,32.15295029,13.66725731,11.37015765,23.13620165,32.1529502869,3.21529502869
"108","D05-01","CRU",7.676532119,3.101080083,"jack pine",21.9117085,24.77209681,14.2270278,14.2270278,111.1638947,11.11638947,111.1638947,42.5634079,15.37273026,3.11063833,10.787170449,42.5634078979,4.25634078979
"109","D05-02","CRU",8.409207262,4.009624437,"jack pine",24.06764578,26.92803408,16.38296508,16.38296508,95.84055328,9.584055328,95.84055328,34.15731812,12.99978714,6.798909752,15.208117014,34.1573181152,3.41573181152
"110","D05-03","CRU",14.63794248,NA,"black spruce",32.15476423,30.71276423,13.94118351,13.94118351,107.2042236,10.72042236,107.2042236,33.90529633,14.110952,3.22076115,17.85870363,33.9052963257,3.39052963257
"111","D05-04","CRU",14.34791154,NA,"black spruce",32.87685377,31.43485377,14.66327306,14.66327306,98.3859787,9.83859787,98.3859787,37.3550415,13.57410202,4.82467519,19.17258673,37.3550415039,3.73550415039
"112","D05-05","CRU",8.739282911,4.193147749,"jack pine",22.22873196,25.08912027,14.54405126,14.54405126,83.45201874,8.345201874,83.45201874,31.56291962,11.50149384,6.198849386,14.938132297,31.5629196167,3.15629196167
"113","D06-01","CRU",8.92879376,4.43155116,"jack pine",23.81742199,26.67781029,16.13274129,16.13274129,77.48623657,7.748623657,77.48623657,29.37107849,10.68573151,8.384117633,17.312911393,29.3710784912,2.93710784912
"114","D06-02","CRU",11.89630759,6.762423467,"trembling aspen",29.76338029,33.45057024,19.92368325,19.92368325,72.16687012,7.216687012,72.16687012,28.2939949,10.0460865,12.706996238,24.603303828,28.2939949036,2.82939949036
"115","D06-03","CRU",8.619308205,4.057489199,"jack pine",25.2037784,28.06416671,17.5190977,17.5190977,99.22116852,9.922116852,99.22116852,32.48061371,13.17017822,7.596980848,16.216289053,32.4806137085,3.24806137085
"116","D06-04","CRU",15.24006103,NA,"black spruce",40.36255211,38.92055211,22.14897139,22.14897139,96.43128204,9.643128204,96.43128204,29.03104019,12.54623222,12.505843186,27.745904216,29.0310401917,2.90310401917
"117","D06-05","CRU",8.925687257,4.50459592,"jack pine",31.2865433,34.1469316,23.60186259,23.60186259,87.43180084,8.743180084,87.43180084,29.13154602,11.65633469,14.858682506,23.784369763,29.1315460205,2.91315460205
"118","D08-01","CRU",8.106660895,3.476463859,"jack pine",50.46565897,53.32604728,42.78097827,42.78097827,89.0684967,8.90684967,89.0684967,38.1985321,12.72670288,33.8741286,41.980789495,38.1985321045,3.81985321045
"119","D08-02","CRU",7.362799841,2.824981014,"jack pine",63.01563613,65.87602444,55.33095543,55.33095543,91.15052032,9.115052032,91.15052032,44.64647675,13.57969971,46.215903398,53.578703239,44.6464767456,4.46464767456
"120","D08-03","CRU",7.476309026,3.010564167,"jack pine",47.94137242,50.80176072,40.25669171,40.25669171,97.32950592,9.732950592,97.32950592,44.19356155,14.15230675,30.523741118,38.000050144,44.193561554,4.4193561554
"121","D08-04","CRU",15.47865383,NA,"black spruce",107.0156722,105.5736722,88.80209144,88.80209144,93.93531799,9.393531799,93.93531799,28.28716278,12.22224808,79.408559641,94.887213471,28.2871627808,2.82871627808
"122","D08-05","CRU",15.18661642,NA,"black spruce",41.27589933,39.83389933,23.06231861,23.06231861,105.811821,10.5811821,105.811821,30.91272736,13.67245483,12.48113651,27.66775293,30.912727356,3.0912727356
"123","D09-01","CRU",9.710332527,4.374255255,"trembling aspen",76.04086354,79.72805349,66.2011665,66.2011665,141.2955475,14.12955475,141.2955475,51.34719086,19.26427383,52.07161175,61.781944277,51.3471908569,5.13471908569
"124","D09-02","CRU",14.15500595,NA,"black spruce",1214.563496,1213.121496,1196.349915,1196.349915,103.6490097,10.36490097,103.6490097,38.93764114,14.25866508,1185.98501403,1200.14001998,38.9376411438,3.89376411438
"125","D09-03","CRU",7.863373101,3.378652978,"jack pine",51.94414982,54.80453812,44.25946912,44.25946912,100.0433426,10.00433426,100.0433426,39.69176102,13.97351036,34.25513486,42.118507961,39.6917610168,3.96917610168
"126","D09-04","CRU",7.772671529,3.260662967,"jack pine",63.03807036,65.89845866,55.35338966,55.35338966,99.09516144,9.909516144,99.09516144,40.98469925,14.00798607,45.443873516,53.216545045,40.9846992493,4.09846992493
"127","D09-05","CRU",10.7385461,5.237551389,"trembling aspen",159.89101,163.5782,150.051313,150.051313,101.3823624,10.13823624,101.3823624,42.69348145,14.40758438,139.91307676,150.65162286,42.6934814453,4.26934814453
"128","D09-06","CRU",13.80877249,NA,"black spruce",135.3230618,133.8810618,117.1094811,117.1094811,126.8564148,12.68564148,126.8564148,43.59253693,17.04489517,104.42383962,118.23261211,43.5925369263,4.35925369263
"129","D09-07","CRU",11.23107628,5.917669004,"trembling aspen",29.34450666,33.03169661,19.50480962,19.50480962,107.3247757,10.73247757,107.3247757,36.47294235,14.3797718,8.77233205,20.00340833,36.4729423523,3.64729423523
"130","D09-08","CRU",11.42477787,6.046934761,"trembling aspen",53.50228011,57.18947006,43.66258307,43.66258307,101.6349182,10.16349182,101.6349182,34.46016693,13.60950851,33.49909125,44.92386912,34.4601669312,3.44601669312
"131","D09-09","CRU",14.09735071,NA,"black spruce",50.63382534,54.32101528,40.7941283,40.7941283,345.071106,34.5071106,345.071106,57.87129593,40.29424019,6.2870177,20.38436841,38.1892089844,3.81892089844
"132","D10-01","CRU",9.180650856,3.771147737,"trembling aspen",35.30963007,38.17001838,27.62494937,27.62494937,211.56073,21.156073,211.56073,55.94555664,26.75062866,6.46887637,15.649527226,57.871295929,5.7871295929
"133","D10-02","CRU",6.128386939,1.719036144,"jack pine",131.8551277,134.715516,124.170447,124.170447,143.5858459,14.35858459,143.5858459,45.0380249,18.86238708,109.81186241,115.940249349,55.9455566406,5.59455566406
"134","D10-03","CRU",7.296380546,2.917396719,"jack pine",118.7167367,164.7667812,140.5774558,102.4690716,177.9498901,17.79498901,177.9498901,57.16287231,23.51127625,122.78246679,130.078847336,45.0380249023,4.50380249023
"135","E01-01","MBU",20.61444432,10.4120613,"trembling aspen",15.2695408,33.04471006,16.99512975,4.323796055,130.7482605,13.07482605,130.7482605,39.03248215,16.97807426,3.9203037,24.53474802,57.1628723145,5.71628723145
"136","E01-03","MBU",13.86995697,6.623890084,"jack pine",15.70659932,33.58387608,17.53429576,4.760854579,111.4235077,11.14235077,111.4235077,42.73540878,15.41589165,6.39194499,20.26190196,42.735408783,4.2735408783
"137","E02-01","MBU",20.71760559,10.51337128,"trembling aspen",392.6058058,437.6175887,413.4282632,376.3581407,151.3875275,15.13875275,151.3875275,55.98140717,20.73689346,398.28951045,419.00711604,55.9814071655,5.59814071655
"138","E02-02","MBU",8.812436856,0.839420329,"white spruce",81.03615861,97.93813259,84.06374248,73.10634195,146.7073975,14.67073975,146.7073975,70.2703476,21.69777451,69.39300273,78.205439586,70.2703475952,7.02703475952
"139","E02-03","MBU",11.87532844,4.747495898,"jack pine",77.2569892,93.37406308,77.32448276,66.31124446,130.0935669,13.00935669,130.0935669,60.91455078,19.10081177,64.31512607,76.19045451,60.9145507813,6.09145507813
"140","E03-01","MBU",12.96368169,5.883165341,"jack pine",37.42837818,53.83405345,37.78447313,26.48263343,118.3939743,11.83939743,118.3939743,49.35452271,16.7748497,25.9450757,38.90875739,49.3545227051,4.93545227051
"141","E03-02","MBU",11.86967359,4.775559878,"jack pine",27.90206391,44.50087895,28.45129863,16.95631917,125.0124435,12.50124435,125.0124435,60.76072311,18.57731667,15.95005428,27.81972787,60.760723114,6.0760723114
"142","E04-01","MBU",21.1460629,11.26088618,"trembling aspen",42.33125779,50.27291811,26.08359267,26.08359267,163.9026031,16.39026031,163.9026031,48.87866211,21.27812653,9.69333236,30.83939526,48.8786621094,4.88786621094
"143","E04-02","MBU",12.09973463,4.915965094,"jack pine",22.88526341,39.74569457,23.69611426,11.93951867,166.6750641,16.66750641,166.6750641,59.46178055,22.61368446,7.02860785,19.12834248,59.4617805481,5.94617805481
"144","E05-01","MBU",11.42885321,4.258569016,"jack pine",204.8152597,220.7735686,204.7239883,193.8695149,140.9656982,14.09656982,140.9656982,66.17572784,20.71414261,190.62741848,202.05627169,66.1757278442,6.61757278442
"145","E05-02","MBU",19.23475139,9.291325829,"trembling aspen",62.86815616,70.80981649,46.62049104,46.62049104,127.1691818,12.71691818,127.1691818,69.49704742,19.66662292,33.90357286,53.13832425,69.4970474243,6.94970474243
"146","E05-03","MBU",19.04530471,8.845851989,"trembling aspen",157.0104567,202.3336225,178.1442971,140.7627916,133.4259796,13.34259796,133.4259796,72.62211609,20.60480957,164.80169914,183.84700385,72.6221160889,7.26221160889
"147","E06-01","MBU",20.46747009,10.50459582,"trembling aspen",43.43506405,51.37672438,27.18739893,27.18739893,122.6026993,12.26026993,122.6026993,56.74147034,17.93441696,14.927129,35.39459909,56.7414703369,5.67414703369
"148","E06-02","MBU",10.87251435,3.688932854,"jack pine",34.0443936,50.59394757,34.54436725,23.09864886,144.0491486,14.40491486,144.0491486,72.67503357,21.67241821,20.13945239,31.01196674,72.6750335693,7.26750335693
"149","E06-03","MBU",11.68701336,4.368150128,"jack pine",24.08013571,40.74470105,24.69512073,13.13439096,119.0703735,11.90703735,119.0703735,64.65995789,18.37303314,12.78808338,24.47509674,64.6599578857,6.46599578857
"150","E07-01","MBU",7.948614568,-0.006726404,"white spruce",262.6141292,279.3539428,265.4795527,254.6843126,130.486969,13.0486969,130.486969,78.48556519,20.89725342,252.4308558,260.379470368,78.4855651855,7.84855651855
"151","E07-02","MBU",9.760669653,2.518855251,"jack pine",51.34563845,67.53218186,51.48260154,40.39989371,144.3614044,14.43614044,144.3614044,82.97634888,22.73377533,37.0464611,46.807130753,82.976348877,8.2976348877
"152","E07-03","MBU",18.99284034,8.799480136,"trembling aspen",58.23606671,66.17772704,41.98840159,41.98840159,157.4769287,15.74769287,157.4769287,73.20433807,23.06812668,26.24070872,45.23354906,73.2043380737,7.32043380737
"153","E09-01","MBU",11.02213029,3.999579461,"jack pine",22.78741643,39.56662339,23.51704307,11.84167169,153.635025,15.3635025,153.635025,68.44928741,22.20843124,8.15354057,19.17567086,68.4492874146,6.84492874146
"154","E09-02","MBU",10.48594503,3.313113259,"jack pine",24.2156373,40.96382381,24.9142435,13.26989256,141.7162628,14.17162628,141.7162628,76.06684875,21.77831116,10.74261722,21.22856225,76.0668487549,7.60668487549
"155","E09-03","MBU",20.02770423,10.0834651,"trembling aspen",44.7352561,52.67691643,28.48759098,28.48759098,144.1683044,14.41683044,144.1683044,61.72608948,20.58943939,14.07076054,34.09846477,61.7260894775,6.17260894775
"156","E10-01","MBU",15.67364054,5.590441989,"trembling aspen",280.3125339,325.5414404,301.3521149,264.0648688,132.7861023,13.27861023,132.7861023,104.8113098,23.75974121,288.07350467,303.74714521,104.8113098145,10.48113098145
"157","E10-02","MBU",1.474632234,-6.531899599,"white spruce",47.25879141,63.2998997,49.34588533,38.35766447,119.5164185,11.95164185,119.5164185,144.0521851,26.35686035,37.39424348,38.868875714,144.0521850586,14.40521850586
"158","E11-01","MBU",10.4422324,3.211488619,"jack pine",32.25920938,48.79683115,32.74725083,21.31346464,117.0401993,11.70401993,117.0401993,75.90605164,19.29462509,21.0432309,31.4854633,75.9060516357,7.59060516357
"159","E11-02","MBU",16.49391139,6.5163949,"trembling aspen",70.93103245,116.6531016,92.46377611,54.68336733,101.3148727,10.13148727,101.3148727,96.15337372,19.74682465,82.33228884,98.82620023,96.1533737183,9.61533737183
"160","E12-01","MBU",11.43622536,4.258818208,"jack pine",126.1691049,142.1578347,126.1082544,115.2233602,120.5663757,12.05663757,120.5663757,65.63082123,18.6197197,114.05161683,125.48784219,65.630821228,6.5630821228
"161","E12-02","MBU",11.03043723,3.936999096,"jack pine",386.1089296,401.9734018,385.9238215,375.1631849,114.955658,11.4955658,114.955658,69.72931671,18.46849747,374.4282557,385.45869293,69.7293167114,6.97293167114
"162","E12-03","MBU",10.98540262,3.834706365,"jack pine",324.6290269,340.4929244,324.4433441,313.6832822,111.4850311,11.14850311,111.4850311,69.65512848,18.11401596,313.29484099,324.28024361,69.655128479,6.9655128479
"163","E13-01","MBU",9.372273162,1.333498486,"white spruce",30.22683735,47.45234532,33.57795521,22.29702069,118.8368759,11.88368759,118.8368759,64.76428223,18.36011581,21.69426762,31.066540782,64.7642822266,6.47642822266
"164","E13-02","MBU",10.20993904,2.256795063,"white spruce",55.22665958,72.48763674,58.61324663,47.29684292,111.5479126,11.15479126,111.5479126,55.74179459,16.72897072,47.45845537,57.66839441,55.7417945862,5.57417945862
"165","E14-01","MBU",9.561756135,2.481306191,"jack pine",50.26196187,66.38183955,50.33225923,39.31621713,153.3419037,15.33419037,153.3419037,83.98532867,23.73272324,34.99806886,44.559824995,83.9853286743,8.39853286743
"166","E14-02","MBU",9.449200632,2.283730125,"jack pine",47.43614686,63.61382817,47.56424785,36.49040212,125.8144531,12.58144531,125.8144531,86.15288544,21.19673386,34.98280254,44.432003172,86.152885437,8.6152885437
"167","E15-01","MBU",7.787819049,-0.293274999,"white spruce",180.4156495,197.2174772,183.3430871,172.4563643,106.8786926,10.68786926,106.8786926,81.26274109,18.81414337,172.65521784,180.443036889,81.2627410889,8.12627410889
"168","E15-02","MBU",17.0658752,7.026457261,"trembling aspen",1116.976996,1161.854026,1137.664701,1100.729331,117.2711792,11.72711792,117.2711792,91.3766861,20.86478653,1125.93758308,1143.00345828,91.3766860962,9.13766860962
"169","E15-03","MBU",17.49728952,7.237866644,"trembling aspen",326.2145713,371.3924642,347.2031387,309.9669062,111.3378448,11.13378448,111.3378448,88.50360107,19.98414459,336.06935422,353.56664374,88.5036010742,8.85036010742
"170","E16-01","MBU",14.45135744,4.503410496,"trembling aspen",347.8173744,392.8675112,368.6781858,331.5697093,119.1068192,11.91068192,119.1068192,116.5094986,23.56163177,356.76750388,371.21886132,116.5094985962,11.65094985962
"171","E16-02","MBU",15.64768072,5.601005554,"trembling aspen",221.4840138,266.6722659,242.4829404,205.2363487,106.9512558,10.69512558,106.9512558,104.5120621,21.14633179,231.78781482,247.43549554,104.5120620728,10.45120620728
"172","E16-03","MBU",16.14504799,6.374653398,"trembling aspen",469.4315185,514.42232,490.2329945,453.1838534,110.1210403,11.01210403,110.1210403,98.73836517,20.88594055,479.22089047,495.36593846,98.7383651733,9.87383651733
"173","E17-01","MBU",13.1414045,3.267295999,"trembling aspen",240.128017,285.3770606,261.1877352,223.8803519,112.943222,11.2943222,112.943222,129.129715,24.2072937,249.893413,263.0348175,129.1297149658,12.91297149658
"174","E17-02","MBU",6.405576735,-0.765262428,"jack pine",340.9282945,356.6742147,340.6246344,329.8738514,111.5754166,11.15754166,111.5754166,116.7040024,22.82794189,329.46709274,335.872669475,116.7040023804,11.67040023804
"175","E18-01","MBU",8.608932734,0.530035633,"white spruce",348.471592,365.1629384,351.2885483,340.5417753,97.44571686,9.744571686,97.44571686,72.92560577,17.03713226,341.543976614,350.152909348,72.9256057739,7.29256057739
"176","E19-01","MBU",12.4962914,5.217260087,"jack pine",101.5947912,117.7210738,101.6714934,90.64904642,102.0092773,10.20092773,102.0092773,56.65642548,15.86657028,91.47056567,103.96685707,56.6564254761,5.66564254761
"177","E20-01","MBU",20.63849018,NA,"black spruce",357.9692562,355.9342562,331.0083364,NA,92.75639343,9.275639343,92.75639343,61.69091797,15.44473114,321.732697057,342.371187237,61.6909179688,6.16909179688
"178","E20-02","MBU",20.11938571,10.11328177,"trembling aspen",320.4172681,365.663246,341.4739206,304.169603,88.02622223,8.802622223,88.02622223,60.53166962,14.85578918,332.671298377,352.790684087,60.5316696167,6.05316696167
"179","E20-03","MBU",21.2813974,11.0025039,"trembling aspen",335.0467642,380.2768643,356.0875388,318.7990991,104.8741608,10.48741608,104.8741608,51.74478531,15.66189461,345.60012272,366.88152012,51.7447853088,5.17447853088
"180","E21-01","MBU",18.11322105,8.009206601,"trembling aspen",127.7360065,173.2554509,149.0661254,111.4883414,101.424881,10.1424881,101.424881,80.57113647,18.19960175,138.9236373,157.03685835,80.5711364746,8.05711364746
"181","E21-02","MBU",10.42205598,3.2684654,"jack pine",177.7342996,193.6708628,177.6212825,166.7885549,101.352356,10.1352356,101.352356,75.3003006,17.66526566,167.4860469,177.90810288,75.3003005981,7.53003005981
"182","E22-01","MBU",8.258201213,1.079677276,"jack pine",593.8055732,609.634913,593.5853327,582.8598284,106.6227798,10.66227798,106.6227798,98.35836792,20.49811478,582.92305472,591.181255933,98.3583679199,9.83583679199
"183","E22-02","MBU",16.45109779,6.579327495,"trembling aspen",401.4034169,446.4390834,422.2497579,385.1557517,106.0803604,10.60803604,106.0803604,94.67896271,20.07593231,411.64172186,428.09281965,94.6789627075,9.46789627075
"184","E23-01","MBU",12.31163496,4.979991804,"jack pine",142.5208886,158.5744502,142.5248699,131.5751438,77.4826889,7.74826889,77.4826889,58.44971085,13.59323997,134.77660101,147.08823597,58.4497108459,5.84497108459
"185","E24-01","MBU",11.93844996,4.644801068,"jack pine",100.704424,116.8209221,100.7713418,89.75867925,95.30779266,9.530779266,95.30779266,62.88567734,15.819347,91.240562534,103.179012494,62.8856773376,6.28856773376
"186","E24-02","MBU",19.81248483,NA,"black spruce",491.702476,489.667476,464.7415562,NA,91.43247986,9.143247986,91.43247986,70.85668182,16.22891617,455.598308214,475.410793044,70.8566818237,7.08566818237
"187","E24-03","MBU",10.2832662,3.136120835,"jack pine",49.55482876,65.94089364,49.89131332,38.60908402,93.86325073,9.386325073,93.86325073,77.80719757,17.16704483,40.504988247,50.788254447,77.8071975708,7.78071975708
"188","E25-01","MBU",2.385340046,-4.789594392,"jack pine",105.2755716,120.4865398,104.4369595,93.63186392,114.6782303,11.46782303,114.6782303,155.9883118,27.06665421,92.96913647,95.354476516,155.9883117676,15.59883117676
"189","E26-01","MBU",10.67816907,0.776382652,"trembling aspen",667.1438523,712.0656971,687.8763716,650.8961871,111.6528168,11.16528168,111.6528168,154.6927795,26.63455963,676.71108992,687.38925899,154.692779541,15.4692779541
"190","E27-01","MBU",18.20377909,8.420353035,"trembling aspen",208.8560689,254.2140998,230.0247743,192.6084038,126.4810181,12.64810181,126.4810181,77.44361877,20.39246368,217.37667249,235.58045158,77.4436187744,7.74436187744
"191","E27-02","MBU",17.42074926,7.670966229,"trembling aspen",165.2720066,210.6142174,186.424892,149.0243415,145.360321,14.5360321,145.360321,86.29077148,23.16510925,171.8888599,189.30960916,86.2907714844,8.62907714844
"192","E27-03","MBU",15.45560488,5.396290381,"trembling aspen",60.25384001,68.19550034,44.00617489,44.00617489,205.6328888,20.56328888,205.6328888,107.9983902,31.3631279,23.44288601,38.89849089,107.9983901978,10.79983901978
"193","E29-01","MBU",12.76975059,3.206671318,"trembling aspen",2648.108913,2692.88502,2668.695694,2631.861247,113.56884,11.356884,113.56884,130.0631256,24.36319656,2657.33881,2670.10856059,130.0631256104,13.00631256104
"194","E29-02","MBU",13.68913564,3.496166503,"trembling aspen",101.3182784,147.6438126,123.4544871,85.07061332,130.5690002,13.05690002,130.5690002,127.401825,25.79708252,110.39758708,124.08672272,127.4018249512,12.74018249512
"195","E30-01","MBU",9.227588733,-0.88578592,"trembling aspen",106.8555269,152.8136022,128.6242768,90.49427565,130.1636353,13.01636353,130.1636353,170.049057,30.02126923,115.60791327,124.835502003,170.0490570068,17.00490570068
"196","E30-02","MBU",7.829600257,-2.1375858,"trembling aspen",232.3881525,277.3791397,253.1898142,215.8336881,150.5500641,15.05500641,150.5500641,182.9299316,33.34799957,238.13480779,245.964408047,182.9299316406,18.29299316406
