BUFFALO POUND LAKE AT PUMPING STATION,,Average Daily ,,Stage
Data Start Time,1/1/2011 0:00,,,
Data End Time,31/12/2014 11:59:00 PM,,,
Time Stamp,,,m,
1/1/2011 0:00,,,509.34,
2/1/2011 0:00,,,509.341,
3/1/2011 0:00,,,509.34,
4/1/2011 0:00,,,509.341,
5/1/2011 0:00,,,509.342,
6/1/2011 0:00,,,509.344,
7/1/2011 0:00,,,509.347,
8/1/2011 0:00,,,509.346,
9/1/2011 0:00,,,509.352,
10/1/2011 0:00,,,509.356,
11/1/2011 0:00,,,509.356,
12/1/2011 0:00,,,509.355,
13/01/2011 12:00:00 AM,,,509.359,
14/01/2011 12:00:00 AM,,,509.363,
15/01/2011 12:00:00 AM,,,509.363,
16/01/2011 12:00:00 AM,,,509.362,
17/01/2011 12:00:00 AM,,,509.362,
18/01/2011 12:00:00 AM,,,509.36,
19/01/2011 12:00:00 AM,,,509.358,
20/01/2011 12:00:00 AM,,,509.355,
21/01/2011 12:00:00 AM,,,509.354,
22/01/2011 12:00:00 AM,,,509.353,
23/01/2011 12:00:00 AM,,,509.35,
24/01/2011 12:00:00 AM,,,509.347,
25/01/2011 12:00:00 AM,,,509.343,
26/01/2011 12:00:00 AM,,,509.341,
27/01/2011 12:00:00 AM,,,509.338,
28/01/2011 12:00:00 AM,,,509.336,
29/01/2011 12:00:00 AM,,,509.333,
30/01/2011 12:00:00 AM,,,509.33,
31/01/2011 12:00:00 AM,,,509.329,
1/2/2011 0:00,,,509.324,
2/2/2011 0:00,,,509.322,
3/2/2011 0:00,,,509.317,
4/2/2011 0:00,,,509.314,
5/2/2011 0:00,,,509.315,
6/2/2011 0:00,,,509.313,
7/2/2011 0:00,,,509.31,
8/2/2011 0:00,,,509.306,
9/2/2011 0:00,,,509.302,
10/2/2011 0:00,,,509.298,
11/2/2011 0:00,,,509.295,
12/2/2011 0:00,,,509.291,
13/02/2011 12:00:00 AM,,,509.287,
14/02/2011 12:00:00 AM,,,509.283,
15/02/2011 12:00:00 AM,,,509.28,
16/02/2011 12:00:00 AM,,,509.277,
17/02/2011 12:00:00 AM,,,509.277,
18/02/2011 12:00:00 AM,,,509.274,
19/02/2011 12:00:00 AM,,,509.272,
20/02/2011 12:00:00 AM,,,509.267,
21/02/2011 12:00:00 AM,,,509.262,
22/02/2011 12:00:00 AM,,,509.26,
23/02/2011 12:00:00 AM,,,509.256,
24/02/2011 12:00:00 AM,,,509.252,
25/02/2011 12:00:00 AM,,,509.247,
26/02/2011 12:00:00 AM,,,509.242,
27/02/2011 12:00:00 AM,,,509.24,
28/02/2011 12:00:00 AM,,,509.238,
1/3/2011 0:00,,,509.234,
2/3/2011 0:00,,,509.229,
3/3/2011 0:00,,,509.225,
4/3/2011 0:00,,,509.221,
5/3/2011 0:00,,,509.217,
6/3/2011 0:00,,,509.215,
7/3/2011 0:00,,,509.21,
8/3/2011 0:00,,,509.206,
9/3/2011 0:00,,,509.201,
10/3/2011 0:00,,,509.196,
11/3/2011 0:00,,,509.195,
12/3/2011 0:00,,,509.19,
13/03/2011 12:00:00 AM,,,509.184,
14/03/2011 12:00:00 AM,,,509.18,
15/03/2011 12:00:00 AM,,,509.176,
16/03/2011 12:00:00 AM,,,509.172,
17/03/2011 12:00:00 AM,,,509.171,
18/03/2011 12:00:00 AM,,,509.167,
19/03/2011 12:00:00 AM,,,509.165,
20/03/2011 12:00:00 AM,,,509.164,
21/03/2011 12:00:00 AM,,,509.162,
22/03/2011 12:00:00 AM,,,509.161,
23/03/2011 12:00:00 AM,,,509.158,
24/03/2011 12:00:00 AM,,,509.156,
25/03/2011 12:00:00 AM,,,509.154,
26/03/2011 12:00:00 AM,,,509.15,
27/03/2011 12:00:00 AM,,,509.147,
28/03/2011 12:00:00 AM,,,509.145,
29/03/2011 12:00:00 AM,,,509.142,
30/03/2011 12:00:00 AM,,,509.141,
31/03/2011 12:00:00 AM,,,509.139,
1/4/2011 0:00,,,509.139,
2/4/2011 0:00,,,509.144,
3/4/2011 0:00,,,509.16,
4/4/2011 0:00,,,509.172,
5/4/2011 0:00,,,509.2,
6/4/2011 0:00,,,509.24,
7/4/2011 0:00,,,509.291,
8/4/2011 0:00,,,509.378,
9/4/2011 0:00,,,509.539,
10/4/2011 0:00,,,509.821,
11/4/2011 0:00,,,510.121,
12/4/2011 0:00,,,510.413,
13/04/2011 12:00:00 AM,,,510.681,
14/04/2011 12:00:00 AM,,,510.9,
15/04/2011 12:00:00 AM,,,511.073,
16/04/2011 12:00:00 AM,,,511.149,
17/04/2011 12:00:00 AM,,,511.154,
18/04/2011 12:00:00 AM,,,511.143,
19/04/2011 12:00:00 AM,,,511.127,
20/04/2011 12:00:00 AM,,,511.109,
21/04/2011 12:00:00 AM,,,511.072,
22/04/2011 12:00:00 AM,,,511.026,
23/04/2011 12:00:00 AM,,,510.97,
24/04/2011 12:00:00 AM,,,510.91,
25/04/2011 12:00:00 AM,,,510.846,
26/04/2011 12:00:00 AM,,,510.784,
27/04/2011 12:00:00 AM,,,510.722,
28/04/2011 12:00:00 AM,,,510.663,
29/04/2011 12:00:00 AM,,,510.621,
30/04/2011 12:00:00 AM,,,510.569,
1/5/2011 0:00,,,510.468,
2/5/2011 0:00,,,510.38,
3/5/2011 0:00,,,510.297,
4/5/2011 0:00,,,510.269,
5/5/2011 0:00,,,510.164,
6/5/2011 0:00,,,510.108,
7/5/2011 0:00,,,510.005,
8/5/2011 0:00,,,509.933,
9/5/2011 0:00,,,509.854,
10/5/2011 0:00,,,509.778,
11/5/2011 0:00,,,509.75,
12/5/2011 0:00,,,509.73,
13/05/2011 12:00:00 AM,,,509.724,
14/05/2011 12:00:00 AM,,,509.709,
15/05/2011 12:00:00 AM,,,509.681,
16/05/2011 12:00:00 AM,,,509.619,
17/05/2011 12:00:00 AM,,,509.662,
18/05/2011 12:00:00 AM,,,509.651,
19/05/2011 12:00:00 AM,,,509.654,
20/05/2011 12:00:00 AM,,,509.646,
21/05/2011 12:00:00 AM,,,509.644,
22/05/2011 12:00:00 AM,,,509.637,
23/05/2011 12:00:00 AM,,,509.629,
24/05/2011 12:00:00 AM,,,509.624,
25/05/2011 12:00:00 AM,,,509.619,
26/05/2011 12:00:00 AM,,,509.57,
27/05/2011 12:00:00 AM,,,509.608,
28/05/2011 12:00:00 AM,,,509.621,
29/05/2011 12:00:00 AM,,,509.593,
30/05/2011 12:00:00 AM,,,509.59,
31/05/2011 12:00:00 AM,,,509.608,
1/6/2011 0:00,,,509.56,
2/6/2011 0:00,,,509.56,
3/6/2011 0:00,,,509.596,
4/6/2011 0:00,,,509.579,
5/6/2011 0:00,,,509.568,
6/6/2011 0:00,,,509.561,
7/6/2011 0:00,,,509.554,
8/6/2011 0:00,,,509.553,
9/6/2011 0:00,,,509.54,
10/6/2011 0:00,,,509.536,
11/6/2011 0:00,,,509.513,
12/6/2011 0:00,,,509.518,
13/06/2011 12:00:00 AM,,,509.532,
14/06/2011 12:00:00 AM,,,509.534,
15/06/2011 12:00:00 AM,,,509.541,
16/06/2011 12:00:00 AM,,,509.531,
17/06/2011 12:00:00 AM,,,509.539,
18/06/2011 12:00:00 AM,,,509.554,
19/06/2011 12:00:00 AM,,,509.557,
20/06/2011 12:00:00 AM,,,509.558,
21/06/2011 12:00:00 AM,,,509.558,
22/06/2011 12:00:00 AM,,,509.576,
23/06/2011 12:00:00 AM,,,509.581,
24/06/2011 12:00:00 AM,,,509.651,
25/06/2011 12:00:00 AM,,,509.728,
26/06/2011 12:00:00 AM,,,509.811,
27/06/2011 12:00:00 AM,,,509.876,
28/06/2011 12:00:00 AM,,,509.924,
29/06/2011 12:00:00 AM,,,509.981,
30/06/2011 12:00:00 AM,,,510.024,
1/7/2011 0:00,,,510.041,
2/7/2011 0:00,,,510.021,
3/7/2011 0:00,,,510.008,
4/7/2011 0:00,,,510.021,
5/7/2011 0:00,,,509.993,
6/7/2011 0:00,,,509.982,
7/7/2011 0:00,,,509.957,
8/7/2011 0:00,,,509.923,
9/7/2011 0:00,,,509.908,
10/7/2011 0:00,,,509.876,
11/7/2011 0:00,,,509.825,
12/7/2011 0:00,,,509.78,
13/07/2011 12:00:00 AM,,,509.736,
14/07/2011 12:00:00 AM,,,509.718,
15/07/2011 12:00:00 AM,,,509.716,
16/07/2011 12:00:00 AM,,,509.702,
17/07/2011 12:00:00 AM,,,509.691,
18/07/2011 12:00:00 AM,,,509.673,
19/07/2011 12:00:00 AM,,,509.685,
20/07/2011 12:00:00 AM,,,509.684,
21/07/2011 12:00:00 AM,,,509.688,
22/07/2011 12:00:00 AM,,,509.665,
23/07/2011 12:00:00 AM,,,509.665,
24/07/2011 12:00:00 AM,,,509.666,
25/07/2011 12:00:00 AM,,,509.652,
26/07/2011 12:00:00 AM,,,509.652,
27/07/2011 12:00:00 AM,,,509.671,
28/07/2011 12:00:00 AM,,,509.655,
29/07/2011 12:00:00 AM,,,509.635,
30/07/2011 12:00:00 AM,,,509.642,
31/07/2011 12:00:00 AM,,,509.616,
1/8/2011 0:00,,,509.631,
2/8/2011 0:00,,,509.609,
3/8/2011 0:00,,,509.611,
4/8/2011 0:00,,,509.606,
5/8/2011 0:00,,,509.591,
6/8/2011 0:00,,,509.569,
7/8/2011 0:00,,,509.593,
8/8/2011 0:00,,,509.6,
9/8/2011 0:00,,,509.569,
10/8/2011 0:00,,,509.563,
11/8/2011 0:00,,,509.565,
12/8/2011 0:00,,,509.572,
13/08/2011 12:00:00 AM,,,509.56,
14/08/2011 12:00:00 AM,,,509.552,
15/08/2011 12:00:00 AM,,,509.557,
16/08/2011 12:00:00 AM,,,509.586,
17/08/2011 12:00:00 AM,,,509.544,
18/08/2011 12:00:00 AM,,,509.554,
19/08/2011 12:00:00 AM,,,509.536,
20/08/2011 12:00:00 AM,,,509.525,
21/08/2011 12:00:00 AM,,,509.514,
22/08/2011 12:00:00 AM,,,509.512,
23/08/2011 12:00:00 AM,,,509.526,
24/08/2011 12:00:00 AM,,,509.494,
25/08/2011 12:00:00 AM,,,509.487,
26/08/2011 12:00:00 AM,,,509.481,
27/08/2011 12:00:00 AM,,,509.47,
28/08/2011 12:00:00 AM,,,509.472,
29/08/2011 12:00:00 AM,,,509.455,
30/08/2011 12:00:00 AM,,,509.454,
31/08/2011 12:00:00 AM,,,509.466,
1/9/2011 0:00,,,509.467,
2/9/2011 0:00,,,509.46,
3/9/2011 0:00,,,509.474,
4/9/2011 0:00,,,509.441,
5/9/2011 0:00,,,509.437,
6/9/2011 0:00,,,509.44,
7/9/2011 0:00,,,509.432,
8/9/2011 0:00,,,509.43,
9/9/2011 0:00,,,509.432,
10/9/2011 0:00,,,509.434,
11/9/2011 0:00,,,509.438,
12/9/2011 0:00,,,509.444,
13/09/2011 12:00:00 AM,,,509.437,
14/09/2011 12:00:00 AM,,,509.415,
15/09/2011 12:00:00 AM,,,509.379,
16/09/2011 12:00:00 AM,,,509.387,
17/09/2011 12:00:00 AM,,,509.409,
18/09/2011 12:00:00 AM,,,509.423,
19/09/2011 12:00:00 AM,,,509.419,
20/09/2011 12:00:00 AM,,,509.425,
21/09/2011 12:00:00 AM,,,509.41,
22/09/2011 12:00:00 AM,,,509.399,
23/09/2011 12:00:00 AM,,,509.415,
24/09/2011 12:00:00 AM,,,509.417,
25/09/2011 12:00:00 AM,,,509.417,
26/09/2011 12:00:00 AM,,,509.426,
27/09/2011 12:00:00 AM,,,509.417,
28/09/2011 12:00:00 AM,,,509.434,
29/09/2011 12:00:00 AM,,,509.414,
30/09/2011 12:00:00 AM,,,509.382,
1/10/2011 0:00,,,509.41,
2/10/2011 0:00,,,509.403,
3/10/2011 0:00,,,509.394,
4/10/2011 0:00,,,509.354,
5/10/2011 0:00,,,509.404,
6/10/2011 0:00,,,509.402,
7/10/2011 0:00,,,509.454,
8/10/2011 0:00,,,509.46,
9/10/2011 0:00,,,509.419,
10/10/2011 0:00,,,509.422,
11/10/2011 0:00,,,509.422,
12/10/2011 0:00,,,509.42,
13/10/2011 12:00:00 AM,,,509.426,
14/10/2011 12:00:00 AM,,,509.421,
15/10/2011 12:00:00 AM,,,509.413,
16/10/2011 12:00:00 AM,,,509.414,
17/10/2011 12:00:00 AM,,,509.417,
18/10/2011 12:00:00 AM,,,509.408,
19/10/2011 12:00:00 AM,,,509.38,
20/10/2011 12:00:00 AM,,,509.402,
21/10/2011 12:00:00 AM,,,509.413,
22/10/2011 12:00:00 AM,,,509.419,
23/10/2011 12:00:00 AM,,,509.415,
24/10/2011 12:00:00 AM,,,509.414,
25/10/2011 12:00:00 AM,,,509.422,
26/10/2011 12:00:00 AM,,,509.418,
27/10/2011 12:00:00 AM,,,509.418,
28/10/2011 12:00:00 AM,,,509.417,
29/10/2011 12:00:00 AM,,,509.415,
30/10/2011 12:00:00 AM,,,509.419,
31/10/2011 12:00:00 AM,,,509.428,
1/11/2011 0:00,,,509.432,
2/11/2011 0:00,,,509.421,
3/11/2011 0:00,,,509.42,
4/11/2011 0:00,,,509.434,
5/11/2011 0:00,,,509.436,
6/11/2011 0:00,,,509.477,
7/11/2011 0:00,,,509.448,
8/11/2011 0:00,,,509.444,
9/11/2011 0:00,,,509.448,
10/11/2011 0:00,,,509.435,
11/11/2011 0:00,,,509.436,
12/11/2011 0:00,,,509.442,
13/11/2011 12:00:00 AM,,,509.44,
14/11/2011 12:00:00 AM,,,509.444,
15/11/2011 12:00:00 AM,,,509.455,
16/11/2011 12:00:00 AM,,,509.444,
17/11/2011 12:00:00 AM,,,509.439,
18/11/2011 12:00:00 AM,,,509.447,
19/11/2011 12:00:00 AM,,,509.448,
20/11/2011 12:00:00 AM,,,509.449,
21/11/2011 12:00:00 AM,,,509.449,
22/11/2011 12:00:00 AM,,,509.451,
23/11/2011 12:00:00 AM,,,509.452,
24/11/2011 12:00:00 AM,,,509.455,
25/11/2011 12:00:00 AM,,,509.457,
26/11/2011 12:00:00 AM,,,509.46,
27/11/2011 12:00:00 AM,,,509.462,
28/11/2011 12:00:00 AM,,,509.465,
29/11/2011 12:00:00 AM,,,509.467,
30/11/2011 12:00:00 AM,,,509.47,
1/12/2011 0:00,,,509.469,
2/12/2011 0:00,,,509.473,
3/12/2011 0:00,,,509.475,
4/12/2011 0:00,,,509.479,
5/12/2011 0:00,,,509.473,
6/12/2011 0:00,,,509.472,
7/12/2011 0:00,,,509.47,
8/12/2011 0:00,,,509.468,
9/12/2011 0:00,,,509.465,
10/12/2011 0:00,,,509.46,
11/12/2011 0:00,,,509.458,
12/12/2011 0:00,,,509.456,
13/12/2011 12:00:00 AM,,,509.453,
14/12/2011 12:00:00 AM,,,509.452,
15/12/2011 12:00:00 AM,,,509.448,
16/12/2011 12:00:00 AM,,,509.446,
17/12/2011 12:00:00 AM,,,509.444,
18/12/2011 12:00:00 AM,,,509.444,
19/12/2011 12:00:00 AM,,,509.441,
20/12/2011 12:00:00 AM,,,509.442,
21/12/2011 12:00:00 AM,,,509.441,
22/12/2011 12:00:00 AM,,,509.436,
23/12/2011 12:00:00 AM,,,509.432,
24/12/2011 12:00:00 AM,,,509.43,
25/12/2011 12:00:00 AM,,,509.427,
26/12/2011 12:00:00 AM,,,509.431,
27/12/2011 12:00:00 AM,,,509.429,
28/12/2011 12:00:00 AM,,,509.427,
29/12/2011 12:00:00 AM,,,509.429,
30/12/2011 12:00:00 AM,,,509.428,
31/12/2011 12:00:00 AM,,,509.429,
1/1/2012 0:00,,,509.426,
2/1/2012 0:00,,,509.421,
3/1/2012 0:00,,,509.42,
4/1/2012 0:00,,,509.418,
5/1/2012 0:00,,,509.417,
6/1/2012 0:00,,,509.414,
7/1/2012 0:00,,,509.412,
8/1/2012 0:00,,,509.409,
9/1/2012 0:00,,,509.407,
10/1/2012 0:00,,,509.406,
11/1/2012 0:00,,,509.404,
12/1/2012 0:00,,,509.399,
13/01/2012 12:00:00 AM,,,509.397,
14/01/2012 12:00:00 AM,,,509.394,
15/01/2012 12:00:00 AM,,,509.397,
16/01/2012 12:00:00 AM,,,509.395,
17/01/2012 12:00:00 AM,,,509.393,
18/01/2012 12:00:00 AM,,,509.391,
19/01/2012 12:00:00 AM,,,509.387,
20/01/2012 12:00:00 AM,,,509.383,
21/01/2012 12:00:00 AM,,,509.38,
22/01/2012 12:00:00 AM,,,509.379,
23/01/2012 12:00:00 AM,,,509.374,
24/01/2012 12:00:00 AM,,,509.371,
25/01/2012 12:00:00 AM,,,509.369,
26/01/2012 12:00:00 AM,,,509.367,
27/01/2012 12:00:00 AM,,,509.365,
28/01/2012 12:00:00 AM,,,509.363,
29/01/2012 12:00:00 AM,,,509.36,
30/01/2012 12:00:00 AM,,,509.358,
31/01/2012 12:00:00 AM,,,509.356,
1/2/2012 0:00,,,509.355,
2/2/2012 0:00,,,509.353,
3/2/2012 0:00,,,509.35,
4/2/2012 0:00,,,509.347,
5/2/2012 0:00,,,509.346,
6/2/2012 0:00,,,509.346,
7/2/2012 0:00,,,509.342,
8/2/2012 0:00,,,509.34,
9/2/2012 0:00,,,509.34,
10/2/2012 0:00,,,509.336,
11/2/2012 0:00,,,509.333,
12/2/2012 0:00,,,509.331,
13/02/2012 12:00:00 AM,,,509.33,
14/02/2012 12:00:00 AM,,,509.329,
15/02/2012 12:00:00 AM,,,509.326,
16/02/2012 12:00:00 AM,,,509.325,
17/02/2012 12:00:00 AM,,,509.325,
18/02/2012 12:00:00 AM,,,509.323,
19/02/2012 12:00:00 AM,,,509.322,
20/02/2012 12:00:00 AM,,,509.321,
21/02/2012 12:00:00 AM,,,509.319,
22/02/2012 12:00:00 AM,,,509.32,
23/02/2012 12:00:00 AM,,,509.319,
24/02/2012 12:00:00 AM,,,509.317,
25/02/2012 12:00:00 AM,,,509.317,
26/02/2012 12:00:00 AM,,,509.322,
27/02/2012 12:00:00 AM,,,509.317,
28/02/2012 12:00:00 AM,,,509.314,
29/02/2012 12:00:00 AM,,,509.311,
1/3/2012 0:00,,,509.313,
2/3/2012 0:00,,,509.314,
3/3/2012 0:00,,,509.311,
4/3/2012 0:00,,,509.309,
5/3/2012 0:00,,,509.308,
6/3/2012 0:00,,,509.309,
7/3/2012 0:00,,,509.306,
8/3/2012 0:00,,,509.304,
9/3/2012 0:00,,,509.304,
10/3/2012 0:00,,,509.316,
11/3/2012 0:00,,,509.309,
12/3/2012 0:00,,,509.313,
13/03/2012 12:00:00 AM,,,509.306,
14/03/2012 12:00:00 AM,,,509.301,
15/03/2012 12:00:00 AM,,,509.303,
16/03/2012 12:00:00 AM,,,509.309,
17/03/2012 12:00:00 AM,,,509.317,
18/03/2012 12:00:00 AM,,,509.327,
19/03/2012 12:00:00 AM,,,509.336,
20/03/2012 12:00:00 AM,,,509.339,
21/03/2012 12:00:00 AM,,,509.343,
22/03/2012 12:00:00 AM,,,509.346,
23/03/2012 12:00:00 AM,,,509.351,
24/03/2012 12:00:00 AM,,,509.35,
25/03/2012 12:00:00 AM,,,509.349,
26/03/2012 12:00:00 AM,,,509.35,
27/03/2012 12:00:00 AM,,,509.356,
28/03/2012 12:00:00 AM,,,509.357,
29/03/2012 12:00:00 AM,,,509.359,
30/03/2012 12:00:00 AM,,,509.362,
31/03/2012 12:00:00 AM,,,509.371,
1/4/2012 0:00,,,509.378,
2/4/2012 0:00,,,509.383,
3/4/2012 0:00,,,509.401,
4/4/2012 0:00,,,509.387,
5/4/2012 0:00,,,509.399,
6/4/2012 0:00,,,509.447,
7/4/2012 0:00,,,509.466,
8/4/2012 0:00,,,509.457,
9/4/2012 0:00,,,509.444,
10/4/2012 0:00,,,509.429,
11/4/2012 0:00,,,509.388,
12/4/2012 0:00,,,509.355,
13/04/2012 12:00:00 AM,,,509.423,
14/04/2012 12:00:00 AM,,,509.431,
15/04/2012 12:00:00 AM,,,509.44,
16/04/2012 12:00:00 AM,,,509.422,
17/04/2012 12:00:00 AM,,,509.413,
18/04/2012 12:00:00 AM,,,509.414,
19/04/2012 12:00:00 AM,,,509.405,
20/04/2012 12:00:00 AM,,,509.404,
21/04/2012 12:00:00 AM,,,509.432,
22/04/2012 12:00:00 AM,,,509.412,
23/04/2012 12:00:00 AM,,,509.41,
24/04/2012 12:00:00 AM,,,509.414,
25/04/2012 12:00:00 AM,,,509.407,
26/04/2012 12:00:00 AM,,,509.295,
27/04/2012 12:00:00 AM,,,509.248,
28/04/2012 12:00:00 AM,,,509.385,
29/04/2012 12:00:00 AM,,,509.412,
30/04/2012 12:00:00 AM,,,509.411,
1/5/2012 0:00,,,509.411,
2/5/2012 0:00,,,509.412,
3/5/2012 0:00,,,509.399,
4/5/2012 0:00,,,509.386,
5/5/2012 0:00,,,509.402,
6/5/2012 0:00,,,509.451,
7/5/2012 0:00,,,509.475,
8/5/2012 0:00,,,509.443,
9/5/2012 0:00,,,509.442,
10/5/2012 0:00,,,509.463,
11/5/2012 0:00,,,509.458,
12/5/2012 0:00,,,509.446,
13/05/2012 12:00:00 AM,,,509.442,
14/05/2012 12:00:00 AM,,,509.443,
15/05/2012 12:00:00 AM,,,509.413,
16/05/2012 12:00:00 AM,,,509.39,
17/05/2012 12:00:00 AM,,,509.427,
18/05/2012 12:00:00 AM,,,509.412,
19/05/2012 12:00:00 AM,,,509.429,
20/05/2012 12:00:00 AM,,,509.403,
21/05/2012 12:00:00 AM,,,509.393,
22/05/2012 12:00:00 AM,,,509.397,
23/05/2012 12:00:00 AM,,,509.453,
24/05/2012 12:00:00 AM,,,509.464,
25/05/2012 12:00:00 AM,,,509.451,
26/05/2012 12:00:00 AM,,,509.441,
27/05/2012 12:00:00 AM,,,509.465,
28/05/2012 12:00:00 AM,,,509.508,
29/05/2012 12:00:00 AM,,,509.505,
30/05/2012 12:00:00 AM,,,509.506,
31/05/2012 12:00:00 AM,,,509.515,
1/6/2012 0:00,,,509.529,
2/6/2012 0:00,,,509.522,
3/6/2012 0:00,,,509.551,
4/6/2012 0:00,,,509.524,
5/6/2012 0:00,,,509.471,
6/6/2012 0:00,,,509.476,
7/6/2012 0:00,,,509.514,
8/6/2012 0:00,,,509.508,
9/6/2012 0:00,,,509.519,
10/6/2012 0:00,,,509.531,
11/6/2012 0:00,,,509.548,
12/6/2012 0:00,,,509.501,
13/06/2012 12:00:00 AM,,,509.502,
14/06/2012 12:00:00 AM,,,509.524,
15/06/2012 12:00:00 AM,,,509.512,
16/06/2012 12:00:00 AM,,,509.526,
17/06/2012 12:00:00 AM,,,509.517,
18/06/2012 12:00:00 AM,,,509.516,
19/06/2012 12:00:00 AM,,,509.503,
20/06/2012 12:00:00 AM,,,509.532,
21/06/2012 12:00:00 AM,,,509.527,
22/06/2012 12:00:00 AM,,,509.522,
23/06/2012 12:00:00 AM,,,509.522,
24/06/2012 12:00:00 AM,,,509.49,
25/06/2012 12:00:00 AM,,,509.497,
26/06/2012 12:00:00 AM,,,509.516,
27/06/2012 12:00:00 AM,,,509.549,
28/06/2012 12:00:00 AM,,,509.525,
29/06/2012 12:00:00 AM,,,509.514,
30/06/2012 12:00:00 AM,,,509.52,
1/7/2012 0:00,,,509.501,
2/7/2012 0:00,,,509.519,
3/7/2012 0:00,,,509.506,
4/7/2012 0:00,,,509.542,
5/7/2012 0:00,,,509.529,
6/7/2012 0:00,,,509.521,
7/7/2012 0:00,,,509.522,
8/7/2012 0:00,,,509.511,
9/7/2012 0:00,,,509.499,
10/7/2012 0:00,,,509.501,
11/7/2012 0:00,,,509.508,
12/7/2012 0:00,,,509.506,
13/07/2012 12:00:00 AM,,,509.5,
14/07/2012 12:00:00 AM,,,509.494,
15/07/2012 12:00:00 AM,,,509.495,
16/07/2012 12:00:00 AM,,,509.509,
17/07/2012 12:00:00 AM,,,509.515,
18/07/2012 12:00:00 AM,,,509.522,
19/07/2012 12:00:00 AM,,,509.534,
20/07/2012 12:00:00 AM,,,509.53,
21/07/2012 12:00:00 AM,,,509.514,
22/07/2012 12:00:00 AM,,,509.531,
23/07/2012 12:00:00 AM,,,509.497,
24/07/2012 12:00:00 AM,,,509.502,
25/07/2012 12:00:00 AM,,,509.521,
26/07/2012 12:00:00 AM,,,509.498,
27/07/2012 12:00:00 AM,,,509.484,
28/07/2012 12:00:00 AM,,,509.481,
29/07/2012 12:00:00 AM,,,509.495,
30/07/2012 12:00:00 AM,,,509.474,
31/07/2012 12:00:00 AM,,,509.481,
1/8/2012 0:00,,,509.476,
2/8/2012 0:00,,,509.469,
3/8/2012 0:00,,,509.501,
4/8/2012 0:00,,,509.49,
5/8/2012 0:00,,,509.487,
6/8/2012 0:00,,,509.487,
7/8/2012 0:00,,,509.484,
8/8/2012 0:00,,,509.486,
9/8/2012 0:00,,,509.465,
10/8/2012 0:00,,,509.478,
11/8/2012 0:00,,,509.49,
12/8/2012 0:00,,,509.499,
13/08/2012 12:00:00 AM,,,509.481,
14/08/2012 12:00:00 AM,,,509.474,
15/08/2012 12:00:00 AM,,,509.513,
16/08/2012 12:00:00 AM,,,509.481,
17/08/2012 12:00:00 AM,,,509.48,
18/08/2012 12:00:00 AM,,,509.475,
19/08/2012 12:00:00 AM,,,509.465,
20/08/2012 12:00:00 AM,,,509.469,
21/08/2012 12:00:00 AM,,,509.465,
22/08/2012 12:00:00 AM,,,509.464,
23/08/2012 12:00:00 AM,,,509.465,
24/08/2012 12:00:00 AM,,,509.468,
25/08/2012 12:00:00 AM,,,509.497,
26/08/2012 12:00:00 AM,,,509.467,
27/08/2012 12:00:00 AM,,,509.446,
28/08/2012 12:00:00 AM,,,509.444,
29/08/2012 12:00:00 AM,,,509.463,
30/08/2012 12:00:00 AM,,,509.442,
31/08/2012 12:00:00 AM,,,509.421,
1/9/2012 0:00,,,509.416,
2/9/2012 0:00,,,509.437,
3/9/2012 0:00,,,509.437,
4/9/2012 0:00,,,509.441,
5/9/2012 0:00,,,509.422,
6/9/2012 0:00,,,509.416,
7/9/2012 0:00,,,509.412,
8/9/2012 0:00,,,509.405,
9/9/2012 0:00,,,509.39,
10/9/2012 0:00,,,509.41,
11/9/2012 0:00,,,509.429,
12/9/2012 0:00,,,509.409,
13/09/2012 12:00:00 AM,,,509.379,
14/09/2012 12:00:00 AM,,,509.361,
15/09/2012 12:00:00 AM,,,509.378,
16/09/2012 12:00:00 AM,,,509.377,
17/09/2012 12:00:00 AM,,,509.363,
18/09/2012 12:00:00 AM,,,509.381,
19/09/2012 12:00:00 AM,,,509.379,
20/09/2012 12:00:00 AM,,,509.363,
21/09/2012 12:00:00 AM,,,509.356,
22/09/2012 12:00:00 AM,,,509.333,
23/09/2012 12:00:00 AM,,,509.333,
24/09/2012 12:00:00 AM,,,509.336,
25/09/2012 12:00:00 AM,,,509.326,
26/09/2012 12:00:00 AM,,,509.32,
27/09/2012 12:00:00 AM,,,509.315,
28/09/2012 12:00:00 AM,,,509.304,
29/09/2012 12:00:00 AM,,,509.301,
30/09/2012 12:00:00 AM,,,509.312,
1/10/2012 0:00,,,509.287,
2/10/2012 0:00,,,509.333,
3/10/2012 0:00,,,509.297,
4/10/2012 0:00,,,509.285,
5/10/2012 0:00,,,509.28,
6/10/2012 0:00,,,509.275,
7/10/2012 0:00,,,509.27,
8/10/2012 0:00,,,509.316,
9/10/2012 0:00,,,509.281,
10/10/2012 0:00,,,509.269,
11/10/2012 0:00,,,509.264,
12/10/2012 0:00,,,509.253,
13/10/2012 12:00:00 AM,,,509.266,
14/10/2012 12:00:00 AM,,,509.262,
15/10/2012 12:00:00 AM,,,509.269,
16/10/2012 12:00:00 AM,,,509.273,
17/10/2012 12:00:00 AM,,,509.419,
18/10/2012 12:00:00 AM,,,509.318,
19/10/2012 12:00:00 AM,,,509.256,
20/10/2012 12:00:00 AM,,,509.296,
21/10/2012 12:00:00 AM,,,509.293,
22/10/2012 12:00:00 AM,,,509.277,
23/10/2012 12:00:00 AM,,,509.289,
24/10/2012 12:00:00 AM,,,509.336,
25/10/2012 12:00:00 AM,,,509.344,
26/10/2012 12:00:00 AM,,,509.313,
27/10/2012 12:00:00 AM,,,509.289,
28/10/2012 12:00:00 AM,,,509.245,
29/10/2012 12:00:00 AM,,,509.258,
30/10/2012 12:00:00 AM,,,509.284,
31/10/2012 12:00:00 AM,,,509.304,
1/11/2012 0:00,,,509.262,
2/11/2012 0:00,,,509.285,
3/11/2012 0:00,,,509.29,
4/11/2012 0:00,,,509.301,
5/11/2012 0:00,,,509.313,
6/11/2012 0:00,,,509.313,
7/11/2012 0:00,,,509.289,
8/11/2012 0:00,,,509.301,
9/11/2012 0:00,,,509.282,
10/11/2012 0:00,,,509.298,
11/11/2012 0:00,,,509.297,
12/11/2012 0:00,,,509.29,
13/11/2012 12:00:00 AM,,,509.287,
14/11/2012 12:00:00 AM,,,509.288,
15/11/2012 12:00:00 AM,,,509.288,
16/11/2012 12:00:00 AM,,,509.289,
17/11/2012 12:00:00 AM,,,509.29,
18/11/2012 12:00:00 AM,,,509.291,
19/11/2012 12:00:00 AM,,,509.293,
20/11/2012 12:00:00 AM,,,509.295,
21/11/2012 12:00:00 AM,,,509.303,
22/11/2012 12:00:00 AM,,,509.32,
23/11/2012 12:00:00 AM,,,509.323,
24/11/2012 12:00:00 AM,,,509.325,
25/11/2012 12:00:00 AM,,,509.327,
26/11/2012 12:00:00 AM,,,509.33,
27/11/2012 12:00:00 AM,,,509.333,
28/11/2012 12:00:00 AM,,,509.337,
29/11/2012 12:00:00 AM,,,509.34,
30/11/2012 12:00:00 AM,,,509.344,
1/12/2012 0:00,,,509.348,
2/12/2012 0:00,,,509.352,
3/12/2012 0:00,,,509.357,
4/12/2012 0:00,,,509.358,
5/12/2012 0:00,,,509.353,
6/12/2012 0:00,,,509.347,
7/12/2012 0:00,,,509.34,
8/12/2012 0:00,,,509.335,
9/12/2012 0:00,,,509.329,
10/12/2012 0:00,,,509.325,
11/12/2012 0:00,,,509.322,
12/12/2012 0:00,,,509.32,
13/12/2012 12:00:00 AM,,,509.314,
14/12/2012 12:00:00 AM,,,509.309,
15/12/2012 12:00:00 AM,,,509.307,
16/12/2012 12:00:00 AM,,,509.303,
17/12/2012 12:00:00 AM,,,509.3,
18/12/2012 12:00:00 AM,,,509.301,
19/12/2012 12:00:00 AM,,,509.301,
20/12/2012 12:00:00 AM,,,509.299,
21/12/2012 12:00:00 AM,,,509.296,
22/12/2012 12:00:00 AM,,,509.296,
23/12/2012 12:00:00 AM,,,509.297,
24/12/2012 12:00:00 AM,,,509.301,
25/12/2012 12:00:00 AM,,,509.3,
26/12/2012 12:00:00 AM,,,509.299,
27/12/2012 12:00:00 AM,,,509.297,
28/12/2012 12:00:00 AM,,,509.295,
29/12/2012 12:00:00 AM,,,509.294,
30/12/2012 12:00:00 AM,,,509.292,
31/12/2012 12:00:00 AM,,,509.29,
1/1/2013 0:00,,,509.289,
2/1/2013 0:00,,,509.289,
3/1/2013 0:00,,,509.287,
4/1/2013 0:00,,,509.286,
5/1/2013 0:00,,,509.284,
6/1/2013 0:00,,,509.281,
7/1/2013 0:00,,,509.282,
8/1/2013 0:00,,,509.282,
9/1/2013 0:00,,,509.279,
10/1/2013 0:00,,,509.283,
11/1/2013 0:00,,,509.296,
12/1/2013 0:00,,,509.294,
13/01/2013 12:00:00 AM,,,509.295,
14/01/2013 12:00:00 AM,,,509.292,
15/01/2013 12:00:00 AM,,,509.288,
16/01/2013 12:00:00 AM,,,509.291,
17/01/2013 12:00:00 AM,,,509.29,
18/01/2013 12:00:00 AM,,,509.289,
19/01/2013 12:00:00 AM,,,509.286,
20/01/2013 12:00:00 AM,,,509.281,
21/01/2013 12:00:00 AM,,,509.276,
22/01/2013 12:00:00 AM,,,509.27,
23/01/2013 12:00:00 AM,,,509.263,
24/01/2013 12:00:00 AM,,,509.257,
25/01/2013 12:00:00 AM,,,509.251,
26/01/2013 12:00:00 AM,,,509.247,
27/01/2013 12:00:00 AM,,,509.242,
28/01/2013 12:00:00 AM,,,509.237,
29/01/2013 12:00:00 AM,,,509.235,
30/01/2013 12:00:00 AM,,,509.23,
31/01/2013 12:00:00 AM,,,509.224,
1/2/2013 0:00,,,509.219,
2/2/2013 0:00,,,509.217,
3/2/2013 0:00,,,509.213,
4/2/2013 0:00,,,509.207,
5/2/2013 0:00,,,509.2,
6/2/2013 0:00,,,509.197,
7/2/2013 0:00,,,509.193,
8/2/2013 0:00,,,509.19,
9/2/2013 0:00,,,509.188,
10/2/2013 0:00,,,509.187,
11/2/2013 0:00,,,509.182,
12/2/2013 0:00,,,509.18,
13/02/2013 12:00:00 AM,,,509.178,
14/02/2013 12:00:00 AM,,,509.177,
15/02/2013 12:00:00 AM,,,509.174,
16/02/2013 12:00:00 AM,,,509.172,
17/02/2013 12:00:00 AM,,,509.173,
18/02/2013 12:00:00 AM,,,509.171,
19/02/2013 12:00:00 AM,,,509.166,
20/02/2013 12:00:00 AM,,,509.164,
21/02/2013 12:00:00 AM,,,509.161,
22/02/2013 12:00:00 AM,,,509.157,
23/02/2013 12:00:00 AM,,,509.155,
24/02/2013 12:00:00 AM,,,509.152,
25/02/2013 12:00:00 AM,,,509.149,
26/02/2013 12:00:00 AM,,,509.148,
27/02/2013 12:00:00 AM,,,509.145,
28/02/2013 12:00:00 AM,,,509.142,
1/3/2013 0:00,,,509.139,
2/3/2013 0:00,,,509.136,
3/3/2013 0:00,,,509.138,
4/3/2013 0:00,,,509.144,
5/3/2013 0:00,,,509.138,
6/3/2013 0:00,,,509.135,
7/3/2013 0:00,,,509.133,
8/3/2013 0:00,,,509.129,
9/3/2013 0:00,,,509.126,
10/3/2013 0:00,,,509.122,
11/3/2013 0:00,,,509.122,
12/3/2013 0:00,,,509.118,
13/03/2013 12:00:00 AM,,,509.114,
14/03/2013 12:00:00 AM,,,509.113,
15/03/2013 12:00:00 AM,,,509.118,
16/03/2013 12:00:00 AM,,,509.118,
17/03/2013 12:00:00 AM,,,509.12,
18/03/2013 12:00:00 AM,,,509.118,
19/03/2013 12:00:00 AM,,,509.115,
20/03/2013 12:00:00 AM,,,509.109,
21/03/2013 12:00:00 AM,,,509.105,
22/03/2013 12:00:00 AM,,,509.108,
23/03/2013 12:00:00 AM,,,509.107,
24/03/2013 12:00:00 AM,,,509.103,
25/03/2013 12:00:00 AM,,,509.098,
26/03/2013 12:00:00 AM,,,509.095,
27/03/2013 12:00:00 AM,,,509.091,
28/03/2013 12:00:00 AM,,,509.087,
29/03/2013 12:00:00 AM,,,509.084,
30/03/2013 12:00:00 AM,,,509.081,
31/03/2013 12:00:00 AM,,,509.077,
1/4/2013 0:00,,,509.074,
2/4/2013 0:00,,,509.071,
3/4/2013 0:00,,,509.071,
4/4/2013 0:00,,,509.068,
5/4/2013 0:00,,,509.07,
6/4/2013 0:00,,,509.072,
7/4/2013 0:00,,,509.075,
8/4/2013 0:00,,,509.071,
9/4/2013 0:00,,,509.067,
10/4/2013 0:00,,,509.064,
11/4/2013 0:00,,,509.063,
12/4/2013 0:00,,,509.065,
13/04/2013 12:00:00 AM,,,509.064,
14/04/2013 12:00:00 AM,,,509.063,
15/04/2013 12:00:00 AM,,,509.062,
16/04/2013 12:00:00 AM,,,509.06,
17/04/2013 12:00:00 AM,,,509.057,
18/04/2013 12:00:00 AM,,,509.054,
19/04/2013 12:00:00 AM,,,509.055,
20/04/2013 12:00:00 AM,,,509.054,
21/04/2013 12:00:00 AM,,,509.053,
22/04/2013 12:00:00 AM,,,509.052,
23/04/2013 12:00:00 AM,,,509.053,
24/04/2013 12:00:00 AM,,,509.056,
25/04/2013 12:00:00 AM,,,509.058,
26/04/2013 12:00:00 AM,,,509.061,
27/04/2013 12:00:00 AM,,,509.068,
28/04/2013 12:00:00 AM,,,509.11,
29/04/2013 12:00:00 AM,,,509.165,
30/04/2013 12:00:00 AM,,,509.239,
1/5/2013 0:00,,,509.309,
2/5/2013 0:00,,,509.446,
3/5/2013 0:00,,,509.601,
4/5/2013 0:00,,,509.733,
5/5/2013 0:00,,,509.843,
6/5/2013 0:00,,,509.938,
7/5/2013 0:00,,,510.028,
8/5/2013 0:00,,,510.104,
9/5/2013 0:00,,,510.16,
10/5/2013 0:00,,,510.206,
11/5/2013 0:00,,,510.218,
12/5/2013 0:00,,,510.22,
13/05/2013 12:00:00 AM,,,510.218,
14/05/2013 12:00:00 AM,,,510.202,
15/05/2013 12:00:00 AM,,,510.142,
16/05/2013 12:00:00 AM,,,510.07,
17/05/2013 12:00:00 AM,,,509.999,
18/05/2013 12:00:00 AM,,,509.931,
19/05/2013 12:00:00 AM,,,509.848,
20/05/2013 12:00:00 AM,,,509.777,
21/05/2013 12:00:00 AM,,,509.685,
22/05/2013 12:00:00 AM,,,509.592,
23/05/2013 12:00:00 AM,,,509.486,
24/05/2013 12:00:00 AM,,,509.409,
25/05/2013 12:00:00 AM,,,509.414,
26/05/2013 12:00:00 AM,,,509.436,
27/05/2013 12:00:00 AM,,,509.444,
28/05/2013 12:00:00 AM,,,509.448,
29/05/2013 12:00:00 AM,,,509.435,
30/05/2013 12:00:00 AM,,,509.441,
31/05/2013 12:00:00 AM,,,509.45,
1/6/2013 0:00,,,509.442,
2/6/2013 0:00,,,509.431,
3/6/2013 0:00,,,509.423,
4/6/2013 0:00,,,509.44,
5/6/2013 0:00,,,509.432,
6/6/2013 0:00,,,509.446,
7/6/2013 0:00,,,509.435,
8/6/2013 0:00,,,509.448,
9/6/2013 0:00,,,509.456,
10/6/2013 0:00,,,509.465,
11/6/2013 0:00,,,509.457,
12/6/2013 0:00,,,509.448,
13/06/2013 12:00:00 AM,,,509.412,
14/06/2013 12:00:00 AM,,,509.479,
15/06/2013 12:00:00 AM,,,509.505,
16/06/2013 12:00:00 AM,,,509.503,
17/06/2013 12:00:00 AM,,,509.48,
18/06/2013 12:00:00 AM,,,509.475,
19/06/2013 12:00:00 AM,,,509.478,
20/06/2013 12:00:00 AM,,,509.486,
21/06/2013 12:00:00 AM,,,509.522,
22/06/2013 12:00:00 AM,,,509.531,
23/06/2013 12:00:00 AM,,,509.549,
24/06/2013 12:00:00 AM,,,509.55,
25/06/2013 12:00:00 AM,,,509.566,
26/06/2013 12:00:00 AM,,,509.585,
27/06/2013 12:00:00 AM,,,509.58,
28/06/2013 12:00:00 AM,,,509.571,
29/06/2013 12:00:00 AM,,,509.549,
30/06/2013 12:00:00 AM,,,509.522,
1/7/2013 0:00,,,509.508,
2/7/2013 0:00,,,509.494,
3/7/2013 0:00,,,509.496,
4/7/2013 0:00,,,509.496,
5/7/2013 0:00,,,509.489,
6/7/2013 0:00,,,509.536,
7/7/2013 0:00,,,509.526,
8/7/2013 0:00,,,509.525,
9/7/2013 0:00,,,509.524,
10/7/2013 0:00,,,509.522,
11/7/2013 0:00,,,509.511,
12/7/2013 0:00,,,509.528,
13/07/2013 12:00:00 AM,,,509.535,
14/07/2013 12:00:00 AM,,,509.536,
15/07/2013 12:00:00 AM,,,509.529,
16/07/2013 12:00:00 AM,,,509.553,
17/07/2013 12:00:00 AM,,,509.536,
18/07/2013 12:00:00 AM,,,509.553,
19/07/2013 12:00:00 AM,,,509.55,
20/07/2013 12:00:00 AM,,,509.538,
21/07/2013 12:00:00 AM,,,509.565,
22/07/2013 12:00:00 AM,,,509.555,
23/07/2013 12:00:00 AM,,,509.544,
24/07/2013 12:00:00 AM,,,509.542,
25/07/2013 12:00:00 AM,,,509.537,
26/07/2013 12:00:00 AM,,,509.507,
27/07/2013 12:00:00 AM,,,509.478,
28/07/2013 12:00:00 AM,,,509.496,
29/07/2013 12:00:00 AM,,,509.524,
30/07/2013 12:00:00 AM,,,509.525,
31/07/2013 12:00:00 AM,,,509.52,
1/8/2013 0:00,,,509.517,
2/8/2013 0:00,,,509.509,
3/8/2013 0:00,,,509.501,
4/8/2013 0:00,,,509.504,
5/8/2013 0:00,,,509.509,
6/8/2013 0:00,,,509.529,
7/8/2013 0:00,,,509.532,
8/8/2013 0:00,,,509.54,
9/8/2013 0:00,,,509.538,
10/8/2013 0:00,,,509.533,
11/8/2013 0:00,,,509.531,
12/8/2013 0:00,,,509.526,
13/08/2013 12:00:00 AM,,,509.518,
14/08/2013 12:00:00 AM,,,509.518,
15/08/2013 12:00:00 AM,,,509.515,
16/08/2013 12:00:00 AM,,,509.516,
17/08/2013 12:00:00 AM,,,509.518,
18/08/2013 12:00:00 AM,,,509.509,
19/08/2013 12:00:00 AM,,,509.509,
20/08/2013 12:00:00 AM,,,509.505,
21/08/2013 12:00:00 AM,,,509.497,
22/08/2013 12:00:00 AM,,,509.472,
23/08/2013 12:00:00 AM,,,509.465,
24/08/2013 12:00:00 AM,,,509.472,
25/08/2013 12:00:00 AM,,,509.462,
26/08/2013 12:00:00 AM,,,509.46,
27/08/2013 12:00:00 AM,,,509.461,
28/08/2013 12:00:00 AM,,,509.448,
29/08/2013 12:00:00 AM,,,509.451,
30/08/2013 12:00:00 AM,,,509.454,
31/08/2013 12:00:00 AM,,,509.457,
1/9/2013 0:00,,,509.436,
2/9/2013 0:00,,,509.427,
3/9/2013 0:00,,,509.431,
4/9/2013 0:00,,,509.413,
5/9/2013 0:00,,,509.417,
6/9/2013 0:00,,,509.423,
7/9/2013 0:00,,,509.411,
8/9/2013 0:00,,,509.402,
9/9/2013 0:00,,,509.407,
10/9/2013 0:00,,,509.416,
11/9/2013 0:00,,,509.401,
12/9/2013 0:00,,,509.384,
13/09/2013 12:00:00 AM,,,509.37,
14/09/2013 12:00:00 AM,,,509.372,
15/09/2013 12:00:00 AM,,,509.335,
16/09/2013 12:00:00 AM,,,509.308,
17/09/2013 12:00:00 AM,,,509.324,
18/09/2013 12:00:00 AM,,,509.319,
19/09/2013 12:00:00 AM,,,509.324,
20/09/2013 12:00:00 AM,,,509.288,
21/09/2013 12:00:00 AM,,,509.257,
22/09/2013 12:00:00 AM,,,509.274,
23/09/2013 12:00:00 AM,,,509.273,
24/09/2013 12:00:00 AM,,,509.268,
25/09/2013 12:00:00 AM,,,509.283,
26/09/2013 12:00:00 AM,,,509.324,
27/09/2013 12:00:00 AM,,,509.299,
28/09/2013 12:00:00 AM,,,509.298,
29/09/2013 12:00:00 AM,,,509.299,
30/09/2013 12:00:00 AM,,,509.305,
1/10/2013 0:00,,,509.32,
2/10/2013 0:00,,,509.309,
3/10/2013 0:00,,,509.306,
4/10/2013 0:00,,,509.301,
5/10/2013 0:00,,,509.299,
6/10/2013 0:00,,,509.313,
7/10/2013 0:00,,,509.309,
8/10/2013 0:00,,,509.323,
9/10/2013 0:00,,,509.333,
10/10/2013 0:00,,,509.317,
11/10/2013 0:00,,,509.36,
12/10/2013 0:00,,,509.352,
13/10/2013 12:00:00 AM,,,509.333,
14/10/2013 12:00:00 AM,,,509.334,
15/10/2013 12:00:00 AM,,,509.334,
16/10/2013 12:00:00 AM,,,509.347,
17/10/2013 12:00:00 AM,,,509.339,
18/10/2013 12:00:00 AM,,,509.347,
19/10/2013 12:00:00 AM,,,509.342,
20/10/2013 12:00:00 AM,,,509.343,
21/10/2013 12:00:00 AM,,,509.334,
22/10/2013 12:00:00 AM,,,509.344,
23/10/2013 12:00:00 AM,,,509.352,
24/10/2013 12:00:00 AM,,,509.344,
25/10/2013 12:00:00 AM,,,509.378,
26/10/2013 12:00:00 AM,,,509.351,
27/10/2013 12:00:00 AM,,,509.357,
28/10/2013 12:00:00 AM,,,509.349,
29/10/2013 12:00:00 AM,,,509.345,
30/10/2013 12:00:00 AM,,,509.35,
31/10/2013 12:00:00 AM,,,509.366,
1/11/2013 0:00,,,509.379,
2/11/2013 0:00,,,509.354,
3/11/2013 0:00,,,509.355,
4/11/2013 0:00,,,509.43,
5/11/2013 0:00,,,509.363,
6/11/2013 0:00,,,509.347,
7/11/2013 0:00,,,509.342,
8/11/2013 0:00,,,509.341,
9/11/2013 0:00,,,509.339,
10/11/2013 0:00,,,509.337,
11/11/2013 0:00,,,509.329,
12/11/2013 0:00,,,509.322,
13/11/2013 12:00:00 AM,,,509.321,
14/11/2013 12:00:00 AM,,,509.321,
15/11/2013 12:00:00 AM,,,509.32,
16/11/2013 12:00:00 AM,,,509.326,
17/11/2013 12:00:00 AM,,,509.328,
18/11/2013 12:00:00 AM,,,509.324,
19/11/2013 12:00:00 AM,,,509.32,
20/11/2013 12:00:00 AM,,,509.319,
21/11/2013 12:00:00 AM,,,509.316,
22/11/2013 12:00:00 AM,,,509.312,
23/11/2013 12:00:00 AM,,,509.305,
24/11/2013 12:00:00 AM,,,509.303,
25/11/2013 12:00:00 AM,,,509.3,
26/11/2013 12:00:00 AM,,,509.295,
27/11/2013 12:00:00 AM,,,509.293,
28/11/2013 12:00:00 AM,,,509.286,
29/11/2013 12:00:00 AM,,,509.284,
30/11/2013 12:00:00 AM,,,509.282,
1/12/2013 0:00,,,509.28,
2/12/2013 0:00,,,509.281,
3/12/2013 0:00,,,509.28,
4/12/2013 0:00,,,509.277,
5/12/2013 0:00,,,509.273,
6/12/2013 0:00,,,509.27,
7/12/2013 0:00,,,509.267,
8/12/2013 0:00,,,509.264,
9/12/2013 0:00,,,509.261,
10/12/2013 0:00,,,509.259,
11/12/2013 0:00,,,509.256,
12/12/2013 0:00,,,509.256,
13/12/2013 12:00:00 AM,,,509.258,
14/12/2013 12:00:00 AM,,,509.258,
15/12/2013 12:00:00 AM,,,509.258,
16/12/2013 12:00:00 AM,,,509.259,
17/12/2013 12:00:00 AM,,,509.259,
18/12/2013 12:00:00 AM,,,509.263,
19/12/2013 12:00:00 AM,,,509.265,
20/12/2013 12:00:00 AM,,,509.268,
21/12/2013 12:00:00 AM,,,509.271,
22/12/2013 12:00:00 AM,,,509.273,
23/12/2013 12:00:00 AM,,,509.273,
24/12/2013 12:00:00 AM,,,509.275,
25/12/2013 12:00:00 AM,,,509.276,
26/12/2013 12:00:00 AM,,,509.279,
27/12/2013 12:00:00 AM,,,509.283,
28/12/2013 12:00:00 AM,,,509.291,
29/12/2013 12:00:00 AM,,,509.292,
30/12/2013 12:00:00 AM,,,509.297,
31/12/2013 12:00:00 AM,,,509.299,
1/1/2014 0:00,,,509.302,
2/1/2014 0:00,,,509.303,
3/1/2014 0:00,,,509.313,
4/1/2014 0:00,,,509.316,
5/1/2014 0:00,,,509.32,
6/1/2014 0:00,,,509.321,
7/1/2014 0:00,,,509.324,
8/1/2014 0:00,,,509.325,
9/1/2014 0:00,,,509.327,
10/1/2014 0:00,,,509.329,
11/1/2014 0:00,,,509.33,
12/1/2014 0:00,,,509.333,
13/01/2014 12:00:00 AM,,,509.335,
14/01/2014 12:00:00 AM,,,509.336,
15/01/2014 12:00:00 AM,,,509.337,
16/01/2014 12:00:00 AM,,,509.338,
17/01/2014 12:00:00 AM,,,509.34,
18/01/2014 12:00:00 AM,,,509.342,
19/01/2014 12:00:00 AM,,,509.344,
20/01/2014 12:00:00 AM,,,509.348,
21/01/2014 12:00:00 AM,,,509.35,
22/01/2014 12:00:00 AM,,,509.351,
23/01/2014 12:00:00 AM,,,509.353,
24/01/2014 12:00:00 AM,,,509.356,
25/01/2014 12:00:00 AM,,,509.357,
26/01/2014 12:00:00 AM,,,509.363,
27/01/2014 12:00:00 AM,,,509.362,
28/01/2014 12:00:00 AM,,,509.359,
29/01/2014 12:00:00 AM,,,509.359,
30/01/2014 12:00:00 AM,,,509.357,
31/01/2014 12:00:00 AM,,,509.355,
1/2/2014 0:00,,,509.352,
2/2/2014 0:00,,,509.35,
3/2/2014 0:00,,,509.348,
4/2/2014 0:00,,,509.346,
5/2/2014 0:00,,,509.344,
6/2/2014 0:00,,,509.342,
7/2/2014 0:00,,,509.34,
8/2/2014 0:00,,,509.338,
9/2/2014 0:00,,,509.335,
10/2/2014 0:00,,,509.332,
11/2/2014 0:00,,,509.332,
12/2/2014 0:00,,,509.332,
13/02/2014 12:00:00 AM,,,509.337,
14/02/2014 12:00:00 AM,,,509.337,
15/02/2014 12:00:00 AM,,,509.335,
16/02/2014 12:00:00 AM,,,509.331,
17/02/2014 12:00:00 AM,,,509.329,
18/02/2014 12:00:00 AM,,,509.327,
19/02/2014 12:00:00 AM,,,509.331,
20/02/2014 12:00:00 AM,,,509.336,
21/02/2014 12:00:00 AM,,,509.334,
22/02/2014 12:00:00 AM,,,509.332,
23/02/2014 12:00:00 AM,,,509.33,
24/02/2014 12:00:00 AM,,,509.329,
25/02/2014 12:00:00 AM,,,509.326,
26/02/2014 12:00:00 AM,,,509.324,
27/02/2014 12:00:00 AM,,,509.321,
28/02/2014 12:00:00 AM,,,509.32,
1/3/2014 0:00,,,509.317,
2/3/2014 0:00,,,509.314,
3/3/2014 0:00,,,509.312,
4/3/2014 0:00,,,509.309,
5/3/2014 0:00,,,509.308,
6/3/2014 0:00,,,509.313,
7/3/2014 0:00,,,509.312,
8/3/2014 0:00,,,509.308,
9/3/2014 0:00,,,509.306,
10/3/2014 0:00,,,509.302,
11/3/2014 0:00,,,509.3,
12/3/2014 0:00,,,509.297,
13/03/2014 12:00:00 AM,,,509.295,
14/03/2014 12:00:00 AM,,,509.293,
15/03/2014 12:00:00 AM,,,509.289,
16/03/2014 12:00:00 AM,,,509.286,
17/03/2014 12:00:00 AM,,,509.284,
18/03/2014 12:00:00 AM,,,509.282,
19/03/2014 12:00:00 AM,,,509.281,
20/03/2014 12:00:00 AM,,,509.287,
21/03/2014 12:00:00 AM,,,509.292,
22/03/2014 12:00:00 AM,,,509.295,
23/03/2014 12:00:00 AM,,,509.3,
24/03/2014 12:00:00 AM,,,509.305,
25/03/2014 12:00:00 AM,,,509.307,
26/03/2014 12:00:00 AM,,,509.308,
27/03/2014 12:00:00 AM,,,509.307,
28/03/2014 12:00:00 AM,,,509.306,
29/03/2014 12:00:00 AM,,,509.305,
30/03/2014 12:00:00 AM,,,509.305,
31/03/2014 12:00:00 AM,,,509.303,
1/4/2014 0:00,,,509.3,
2/4/2014 0:00,,,509.298,
3/4/2014 0:00,,,509.299,
4/4/2014 0:00,,,509.297,
5/4/2014 0:00,,,509.299,
6/4/2014 0:00,,,509.305,
7/4/2014 0:00,,,509.32,
8/4/2014 0:00,,,509.353,
9/4/2014 0:00,,,509.43,
10/4/2014 0:00,,,509.644,
11/4/2014 0:00,,,509.896,
12/4/2014 0:00,,,510.055,
13/04/2014 12:00:00 AM,,,510.142,
14/04/2014 12:00:00 AM,,,510.193,
15/04/2014 12:00:00 AM,,,510.209,
16/04/2014 12:00:00 AM,,,510.167,
17/04/2014 12:00:00 AM,,,510.097,
18/04/2014 12:00:00 AM,,,510.025,
19/04/2014 12:00:00 AM,,,509.957,
20/04/2014 12:00:00 AM,,,509.881,
21/04/2014 12:00:00 AM,,,509.807,
22/04/2014 12:00:00 AM,,,509.738,
23/04/2014 12:00:00 AM,,,509.696,
24/04/2014 12:00:00 AM,,,509.678,
25/04/2014 12:00:00 AM,,,509.655,
26/04/2014 12:00:00 AM,,,509.626,
27/04/2014 12:00:00 AM,,,509.6,
28/04/2014 12:00:00 AM,,,509.586,
29/04/2014 12:00:00 AM,,,509.61,
30/04/2014 12:00:00 AM,,,509.633,
1/5/2014 0:00,,,509.653,
2/5/2014 0:00,,,509.675,
3/5/2014 0:00,,,509.675,
4/5/2014 0:00,,,509.661,
5/5/2014 0:00,,,509.654,
6/5/2014 0:00,,,509.653,
7/5/2014 0:00,,,509.643,
8/5/2014 0:00,,,509.607,
9/5/2014 0:00,,,509.597,
10/5/2014 0:00,,,509.608,
11/5/2014 0:00,,,509.601,
12/5/2014 0:00,,,509.594,
13/05/2014 12:00:00 AM,,,509.598,
14/05/2014 12:00:00 AM,,,509.569,
15/05/2014 12:00:00 AM,,,509.553,
16/05/2014 12:00:00 AM,,,509.556,
17/05/2014 12:00:00 AM,,,509.55,
18/05/2014 12:00:00 AM,,,509.526,
19/05/2014 12:00:00 AM,,,509.542,
20/05/2014 12:00:00 AM,,,509.554,
21/05/2014 12:00:00 AM,,,509.535,
22/05/2014 12:00:00 AM,,,509.532,
23/05/2014 12:00:00 AM,,,509.531,
24/05/2014 12:00:00 AM,,,509.532,
25/05/2014 12:00:00 AM,,,509.516,
26/05/2014 12:00:00 AM,,,509.498,
27/05/2014 12:00:00 AM,,,509.522,
28/05/2014 12:00:00 AM,,,509.481,
29/05/2014 12:00:00 AM,,,509.513,
30/05/2014 12:00:00 AM,,,509.511,
31/05/2014 12:00:00 AM,,,509.499,
1/6/2014 0:00,,,509.507,
2/6/2014 0:00,,,509.504,
3/6/2014 0:00,,,509.497,
4/6/2014 0:00,,,509.515,
5/6/2014 0:00,,,509.549,
6/6/2014 0:00,,,509.526,
7/6/2014 0:00,,,509.508,
8/6/2014 0:00,,,509.508,
9/6/2014 0:00,,,509.486,
10/6/2014 0:00,,,509.523,
11/6/2014 0:00,,,509.492,
12/6/2014 0:00,,,509.478,
13/06/2014 12:00:00 AM,,,509.46,
14/06/2014 12:00:00 AM,,,509.477,
15/06/2014 12:00:00 AM,,,509.492,
16/06/2014 12:00:00 AM,,,509.485,
17/06/2014 12:00:00 AM,,,509.469,
18/06/2014 12:00:00 AM,,,509.469,
19/06/2014 12:00:00 AM,,,509.496,
20/06/2014 12:00:00 AM,,,509.519,
21/06/2014 12:00:00 AM,,,509.542,
22/06/2014 12:00:00 AM,,,509.554,
23/06/2014 12:00:00 AM,,,509.545,
24/06/2014 12:00:00 AM,,,509.544,
25/06/2014 12:00:00 AM,,,509.535,
26/06/2014 12:00:00 AM,,,509.568,
27/06/2014 12:00:00 AM,,,509.612,
28/06/2014 12:00:00 AM,,,509.631,
29/06/2014 12:00:00 AM,,,509.691,
30/06/2014 12:00:00 AM,,,509.78,
1/7/2014 0:00,,,509.85,
2/7/2014 0:00,,,509.919,
3/7/2014 0:00,,,509.933,
4/7/2014 0:00,,,509.966,
5/7/2014 0:00,,,509.991,
6/7/2014 0:00,,,509.988,
7/7/2014 0:00,,,509.992,
8/7/2014 0:00,,,509.955,
9/7/2014 0:00,,,509.925,
10/7/2014 0:00,,,509.922,
11/7/2014 0:00,,,509.91,
12/7/2014 0:00,,,509.886,
13/07/2014 12:00:00 AM,,,509.858,
14/07/2014 12:00:00 AM,,,509.812,
15/07/2014 12:00:00 AM,,,509.782,
16/07/2014 12:00:00 AM,,,509.758,
17/07/2014 12:00:00 AM,,,509.732,
18/07/2014 12:00:00 AM,,,509.73,
19/07/2014 12:00:00 AM,,,509.674,
20/07/2014 12:00:00 AM,,,509.668,
21/07/2014 12:00:00 AM,,,509.639,
22/07/2014 12:00:00 AM,,,509.618,
23/07/2014 12:00:00 AM,,,509.577,
24/07/2014 12:00:00 AM,,,509.564,
25/07/2014 12:00:00 AM,,,509.565,
26/07/2014 12:00:00 AM,,,509.572,
27/07/2014 12:00:00 AM,,,509.517,
28/07/2014 12:00:00 AM,,,509.497,
29/07/2014 12:00:00 AM,,,509.495,
30/07/2014 12:00:00 AM,,,509.485,
31/07/2014 12:00:00 AM,,,509.483,
1/8/2014 0:00,,,509.502,
2/8/2014 0:00,,,509.521,
3/8/2014 0:00,,,509.518,
4/8/2014 0:00,,,509.526,
5/8/2014 0:00,,,509.53,
6/8/2014 0:00,,,509.538,
7/8/2014 0:00,,,509.564,
8/8/2014 0:00,,,509.58,
9/8/2014 0:00,,,509.61,
10/8/2014 0:00,,,509.614,
11/8/2014 0:00,,,509.617,
12/8/2014 0:00,,,509.623,
13/08/2014 12:00:00 AM,,,509.617,
14/08/2014 12:00:00 AM,,,509.631,
15/08/2014 12:00:00 AM,,,509.643,
16/08/2014 12:00:00 AM,,,509.631,
17/08/2014 12:00:00 AM,,,509.663,
18/08/2014 12:00:00 AM,,,509.673,
19/08/2014 12:00:00 AM,,,509.66,
20/08/2014 12:00:00 AM,,,509.68,
21/08/2014 12:00:00 AM,,,509.684,
22/08/2014 12:00:00 AM,,,509.679,
23/08/2014 12:00:00 AM,,,509.68,
24/08/2014 12:00:00 AM,,,509.728,
25/08/2014 12:00:00 AM,,,509.75,
26/08/2014 12:00:00 AM,,,509.742,
27/08/2014 12:00:00 AM,,,509.745,
28/08/2014 12:00:00 AM,,,509.758,
29/08/2014 12:00:00 AM,,,509.742,
30/08/2014 12:00:00 AM,,,509.713,
31/08/2014 12:00:00 AM,,,509.716,
1/9/2014 0:00,,,509.702,
2/9/2014 0:00,,,509.678,
3/9/2014 0:00,,,509.663,
4/9/2014 0:00,,,509.696,
5/9/2014 0:00,,,509.689,
6/9/2014 0:00,,,509.682,
7/9/2014 0:00,,,509.667,
8/9/2014 0:00,,,509.671,
9/9/2014 0:00,,,509.654,
10/9/2014 0:00,,,509.642,
11/9/2014 0:00,,,509.629,
12/9/2014 0:00,,,509.602,
13/09/2014 12:00:00 AM,,,509.607,
14/09/2014 12:00:00 AM,,,509.573,
15/09/2014 12:00:00 AM,,,509.558,
16/09/2014 12:00:00 AM,,,509.54,
17/09/2014 12:00:00 AM,,,509.51,
18/09/2014 12:00:00 AM,,,509.49,
19/09/2014 12:00:00 AM,,,509.493,
20/09/2014 12:00:00 AM,,,509.505,
21/09/2014 12:00:00 AM,,,509.457,
22/09/2014 12:00:00 AM,,,509.431,
23/09/2014 12:00:00 AM,,,509.417,
24/09/2014 12:00:00 AM,,,509.401,
25/09/2014 12:00:00 AM,,,509.381,
26/09/2014 12:00:00 AM,,,509.367,
27/09/2014 12:00:00 AM,,,509.36,
28/09/2014 12:00:00 AM,,,509.327,
29/09/2014 12:00:00 AM,,,509.279,
30/09/2014 12:00:00 AM,,,509.269,
1/10/2014 0:00,,,509.318,
2/10/2014 0:00,,,509.327,
3/10/2014 0:00,,,509.286,
4/10/2014 0:00,,,509.235,
5/10/2014 0:00,,,509.247,
6/10/2014 0:00,,,509.242,
7/10/2014 0:00,,,509.242,
8/10/2014 0:00,,,509.207,
9/10/2014 0:00,,,509.203,
10/10/2014 0:00,,,509.201,
11/10/2014 0:00,,,509.203,
12/10/2014 0:00,,,509.224,
13/10/2014 12:00:00 AM,,,509.214,
14/10/2014 12:00:00 AM,,,509.213,
15/10/2014 12:00:00 AM,,,509.235,
16/10/2014 12:00:00 AM,,,509.267,
17/10/2014 12:00:00 AM,,,509.255,
18/10/2014 12:00:00 AM,,,509.261,
19/10/2014 12:00:00 AM,,,509.284,
20/10/2014 12:00:00 AM,,,509.282,
21/10/2014 12:00:00 AM,,,509.287,
22/10/2014 12:00:00 AM,,,509.31,
23/10/2014 12:00:00 AM,,,509.305,
24/10/2014 12:00:00 AM,,,509.333,
25/10/2014 12:00:00 AM,,,509.313,
26/10/2014 12:00:00 AM,,,509.311,
27/10/2014 12:00:00 AM,,,509.334,
28/10/2014 12:00:00 AM,,,509.333,
29/10/2014 12:00:00 AM,,,509.325,
30/10/2014 12:00:00 AM,,,509.315,
31/10/2014 12:00:00 AM,,,509.27,
1/11/2014 0:00,,,509.309,
2/11/2014 0:00,,,509.312,
3/11/2014 0:00,,,509.339,
4/11/2014 0:00,,,509.303,
5/11/2014 0:00,,,509.329,
6/11/2014 0:00,,,509.289,
7/11/2014 0:00,,,509.357,
8/11/2014 0:00,,,509.312,
9/11/2014 0:00,,,509.312,
10/11/2014 0:00,,,509.317,
11/11/2014 0:00,,,509.296,
12/11/2014 0:00,,,509.286,
13/11/2014 12:00:00 AM,,,509.281,
14/11/2014 12:00:00 AM,,,509.279,
15/11/2014 12:00:00 AM,,,509.277,
16/11/2014 12:00:00 AM,,,509.275,
17/11/2014 12:00:00 AM,,,509.27,
18/11/2014 12:00:00 AM,,,509.267,
19/11/2014 12:00:00 AM,,,509.264,
20/11/2014 12:00:00 AM,,,509.26,
21/11/2014 12:00:00 AM,,,509.26,
22/11/2014 12:00:00 AM,,,509.259,
23/11/2014 12:00:00 AM,,,509.264,
24/11/2014 12:00:00 AM,,,509.262,
25/11/2014 12:00:00 AM,,,509.263,
26/11/2014 12:00:00 AM,,,509.263,
27/11/2014 12:00:00 AM,,,509.263,
28/11/2014 12:00:00 AM,,,509.268,
29/11/2014 12:00:00 AM,,,509.272,
30/11/2014 12:00:00 AM,,,509.271,
1/12/2014 0:00,,,509.268,
2/12/2014 0:00,,,509.267,
3/12/2014 0:00,,,509.266,
4/12/2014 0:00,,,509.266,
5/12/2014 0:00,,,509.265,
6/12/2014 0:00,,,509.262,
7/12/2014 0:00,,,509.263,
8/12/2014 0:00,,,509.262,
9/12/2014 0:00,,,509.261,
10/12/2014 0:00,,,509.272,
11/12/2014 0:00,,,509.262,
12/12/2014 0:00,,,509.263,
13/12/2014 12:00:00 AM,,,509.265,
14/12/2014 12:00:00 AM,,,509.267,
15/12/2014 12:00:00 AM,,,509.265,
16/12/2014 12:00:00 AM,,,509.264,
17/12/2014 12:00:00 AM,,,509.264,
18/12/2014 12:00:00 AM,,,509.263,
19/12/2014 12:00:00 AM,,,509.264,
20/12/2014 12:00:00 AM,,,509.264,
21/12/2014 12:00:00 AM,,,509.265,
22/12/2014 12:00:00 AM,,,509.265,
23/12/2014 12:00:00 AM,,,509.262,
24/12/2014 12:00:00 AM,,,509.263,
25/12/2014 12:00:00 AM,,,509.263,
26/12/2014 12:00:00 AM,,,509.262,
27/12/2014 12:00:00 AM,,,509.262,
28/12/2014 12:00:00 AM,,,509.262,
29/12/2014 12:00:00 AM,,,509.261,
30/12/2014 12:00:00 AM,,,509.259,
31/12/2014 12:00:00 AM,,,509.256,
